requirement_id,route,command_or_query,authorization_predicate,canonical_object_id_field,event_audit_record,test_ref,evidence_ref,status,epic,kind,matched_coverage_row_ids,note
CW-00-020-INV1;CW-01-OD1;CW-RT-012;CW-GR-023,POST /api/v8/case-workspace/cases,caseCoreService.createCase,requireOrgMember,case_id (new; UNIQUE per project_id),NONE,PENDING,"caseCoreService.ts|server/migrations/20260809_case_workspace_case_core.sql|server/src/services/caseWorkspace/__tests__/caseCoreService.pg.test.ts (existing functional test, row-level coverage not verified by Stream E)|server/src/services/caseWorkspace/__tests__/security/caseCoreService.security.pg.test.ts (Stream E adversarial spec, written not yet run — see file header)",IMPLEMENTED_AND_PROVEN,E1,command,CW-00-020-INV1;CW-01-OD1;CW-RT-012;CW-RT-012-U1;CW-GR-023,
CW-RT-012;CW-GR-023,GET /api/v8/case-workspace/cases/:caseId;GET /api/v8/case-workspace/cases/by-project/:projectId,caseCoreService.getCase,"requireCaseAccess (by caseId);requireOrgMember (by projectId, then org-match check)",case_id,NONE,PENDING,"caseCoreService.ts|server/migrations/20260809_case_workspace_case_core.sql|server/src/services/caseWorkspace/__tests__/caseCoreService.pg.test.ts (existing functional test, row-level coverage not verified by Stream E)|server/src/services/caseWorkspace/__tests__/security/caseCoreService.security.pg.test.ts (Stream E adversarial spec, written not yet run — see file header)",IMPLEMENTED_AND_PROVEN,E1,query,CW-RT-012;CW-RT-012-U1;CW-GR-023,
CW-RT-026;CW-RT-044,POST /api/v8/case-workspace/cases/:caseId/status,caseCoreService.transitionStatus,requireCaseAccess,case_id,NONE,PENDING,"caseCoreService.ts|server/migrations/20260809_case_workspace_case_core.sql|server/src/services/caseWorkspace/__tests__/caseCoreService.pg.test.ts (existing functional test, row-level coverage not verified by Stream E)|server/src/services/caseWorkspace/__tests__/security/caseCoreService.security.pg.test.ts (Stream E adversarial spec, written not yet run — see file header)",IMPLEMENTED_AND_PROVEN,E1,command,CW-RT-026;CW-RT-026-U1;CW-RT-044;CW-RT-044-U1,
CW-GR-023;CW-DOD-B1,POST /api/v8/case-workspace/cases/:caseId/governance-tier,caseCoreService.updateGovernanceTier,requireCaseAccess,case_id,NONE,PENDING,"caseCoreService.ts|server/migrations/20260809_case_workspace_case_core.sql|server/src/services/caseWorkspace/__tests__/caseCoreService.pg.test.ts (existing functional test, row-level coverage not verified by Stream E)|server/src/services/caseWorkspace/__tests__/security/caseCoreService.security.pg.test.ts (Stream E adversarial spec, written not yet run — see file header)",NOT_IMPLEMENTED,E1,command,CW-GR-023;CW-DOD-B1,"appends governance_tier_history JSON in-row, not case_workspace_history_events"
OD-05;CW-00-012;CW-01-017,POST /api/v8/case-workspace/cases/:caseId/autonomy-policy,caseCoreService.updateAutonomyPolicy,requireCaseAccess,case_id,NONE,PENDING,"caseCoreService.ts|server/migrations/20260809_case_workspace_case_core.sql|server/src/services/caseWorkspace/__tests__/caseCoreService.pg.test.ts (existing functional test, row-level coverage not verified by Stream E)|server/src/services/caseWorkspace/__tests__/security/caseCoreService.security.pg.test.ts (Stream E adversarial spec, written not yet run — see file header)",PARTIAL,E1,command,OD-05;OD-05-U1;CW-00-012;CW-00-012-U1;CW-01-017,
CW-00-016;CW-00-017,POST /api/v8/case-workspace/cases/:caseId/closure-axis,caseCoreService.updateClosureAxisStatus,requireCaseAccess,case_id,NONE,PENDING,"caseCoreService.ts|server/migrations/20260809_case_workspace_case_core.sql|server/src/services/caseWorkspace/__tests__/caseCoreService.pg.test.ts (existing functional test, row-level coverage not verified by Stream E)|server/src/services/caseWorkspace/__tests__/security/caseCoreService.security.pg.test.ts (Stream E adversarial spec, written not yet run — see file header)",NOT_IMPLEMENTED,E1,command,CW-00-016;CW-00-017,
CW-RT-027;CW-SSOT-6.4-01;HIST-013,POST /api/v8/case-workspace/cases/:caseId/closure,caseCoreService.recordClosure,requireCaseAccess,case_id,NONE,PENDING,"caseCoreService.ts|server/migrations/20260809_case_workspace_case_core.sql|server/src/services/caseWorkspace/__tests__/caseCoreService.pg.test.ts (existing functional test, row-level coverage not verified by Stream E)|server/src/services/caseWorkspace/__tests__/security/caseCoreService.security.pg.test.ts (Stream E adversarial spec, written not yet run — see file header)",IMPLEMENTED_AND_PROVEN,E1,command,CW-RT-027;CW-RT-027-U1;CW-SSOT-6.4-01;HIST-013,closure_type written at most once per case
CW-GR-023,POST /api/v8/case-workspace/cases/:caseId/cancel,caseCoreService.cancelCase,requireCaseAccess (via transitionStatus),case_id,NONE,PENDING,"caseCoreService.ts|server/migrations/20260809_case_workspace_case_core.sql|server/src/services/caseWorkspace/__tests__/caseCoreService.pg.test.ts (existing functional test, row-level coverage not verified by Stream E)|server/src/services/caseWorkspace/__tests__/security/caseCoreService.security.pg.test.ts (Stream E adversarial spec, written not yet run — see file header)",NOT_IMPLEMENTED,E1,command,CW-GR-023,
CW-01-026-INV1,GET /api/v8/case-workspace/cases,caseCoreService.listCasesForOrganization,requireOrgMember,organization_id,NONE,PENDING,"caseCoreService.ts|server/migrations/20260809_case_workspace_case_core.sql|server/src/services/caseWorkspace/__tests__/caseCoreService.pg.test.ts (existing functional test, row-level coverage not verified by Stream E)|server/src/services/caseWorkspace/__tests__/security/caseCoreService.security.pg.test.ts (Stream E adversarial spec, written not yet run — see file header)",IMPLEMENTED_AND_PROVEN,E1,query,CW-01-026-INV1;CW-01-026-INV1-U1,
DERIVED,PENDING_STREAM_B,casePlanVersionService.computeGraphDigest,NONE-INTERNAL-ONLY,n/a (pure fn over CanonicalGraph),NONE,PENDING,"casePlanVersionService.ts|server/migrations/20260809_case_workspace_case_plan_version.sql|server/src/services/caseWorkspace/__tests__/casePlanVersionService.pg.test.ts (existing functional test, row-level coverage not verified by Stream E)",NOT_IMPLEMENTED,E2,query,,no DB access; not listed in file's own req_id coverage header
DERIVED,PENDING_STREAM_B,casePlanVersionService.computeValidationBlockers,NONE-INTERNAL-ONLY,n/a (pure fn over CanonicalGraph),NONE,PENDING,"casePlanVersionService.ts|server/migrations/20260809_case_workspace_case_plan_version.sql|server/src/services/caseWorkspace/__tests__/casePlanVersionService.pg.test.ts (existing functional test, row-level coverage not verified by Stream E)",NOT_IMPLEMENTED,E2,query,,no DB access; not listed in file's own req_id coverage header
CW-01-010;CW-RT-016;CW-RT-017;CW-RT-043;CW-GR-024,POST /api/v8/case-workspace/cases/:caseId/plan-versions,casePlanVersionService.createPlanDraft,requireCaseAccess,case_plan_version_id (new; keyed by case_id),NONE,PENDING,"casePlanVersionService.ts|server/migrations/20260809_case_workspace_case_plan_version.sql|server/src/services/caseWorkspace/__tests__/casePlanVersionService.pg.test.ts (existing functional test, row-level coverage not verified by Stream E)",IMPLEMENTED_AND_PROVEN,E2,command,CW-01-010;CW-01-010-U1;CW-RT-016;CW-RT-017;CW-RT-017-U1;CW-RT-043;CW-GR-024,
CW-01-010;CW-GR-025;CW-RT-043;CW-RT-044;CW-RT-061;CW-GR-044,PUT /api/v8/case-workspace/plan-versions/:planVersionId,casePlanVersionService.updatePlanDraft,requireCaseAccess,case_plan_version_id,NONE,PENDING,"casePlanVersionService.ts|server/migrations/20260809_case_workspace_case_plan_version.sql|server/src/services/caseWorkspace/__tests__/casePlanVersionService.pg.test.ts (existing functional test, row-level coverage not verified by Stream E)",IMPLEMENTED_AND_PROVEN,E2,command,CW-01-010;CW-01-010-U1;CW-GR-025;CW-RT-043;CW-RT-044;CW-RT-044-U1;CW-RT-061;CW-GR-044,OCC via version column
CW-RT-016;CW-GR-024,GET /api/v8/case-workspace/plan-versions/:planVersionId,casePlanVersionService.getPlanVersion,requireCaseAccess,case_plan_version_id,NONE,PENDING,"casePlanVersionService.ts|server/migrations/20260809_case_workspace_case_plan_version.sql|server/src/services/caseWorkspace/__tests__/casePlanVersionService.pg.test.ts (existing functional test, row-level coverage not verified by Stream E)",NOT_IMPLEMENTED,E2,query,CW-RT-016;CW-GR-024,
CW-RT-016;CW-RT-017,GET /api/v8/case-workspace/cases/:caseId/plan-versions,casePlanVersionService.listPlanVersionsForCase,requireCaseAccess,case_id,NONE,PENDING,"casePlanVersionService.ts|server/migrations/20260809_case_workspace_case_plan_version.sql|server/src/services/caseWorkspace/__tests__/casePlanVersionService.pg.test.ts (existing functional test, row-level coverage not verified by Stream E)",PARTIAL,E2,query,CW-RT-016;CW-RT-017;CW-RT-017-U1,
CW-GR-012;CW-GR-036;CW-GR-024;CW-GR-047,GET /api/v8/case-workspace/plan-versions/:planVersionId/validate,casePlanVersionService.validatePlanVersion,requireCaseAccess,case_plan_version_id,NONE,PENDING,"casePlanVersionService.ts|server/migrations/20260809_case_workspace_case_plan_version.sql|server/src/services/caseWorkspace/__tests__/casePlanVersionService.pg.test.ts (existing functional test, row-level coverage not verified by Stream E)",NOT_IMPLEMENTED,E2,query,CW-GR-012;CW-GR-036;CW-GR-024;CW-GR-047,only LOCAL_STRUCTURAL checklist subset; EXTERNAL_DEPENDENT reported DEFERRED_EXTERNAL
CW-RT-030;CW-RT-031;CW-RT-043;CW-GR-024,POST /api/v8/case-workspace/plan-versions/:planVersionId/propose,casePlanVersionService.proposePlanVersion,requireCaseAccess,case_plan_version_id,NONE,PENDING,"casePlanVersionService.ts|server/migrations/20260809_case_workspace_case_plan_version.sql|server/src/services/caseWorkspace/__tests__/casePlanVersionService.pg.test.ts (existing functional test, row-level coverage not verified by Stream E)",NOT_IMPLEMENTED,E2,command,CW-RT-030;CW-RT-031;CW-RT-043;CW-GR-024,
CW-RT-030;CW-RT-031,POST /api/v8/case-workspace/plan-versions/:planVersionId/request-changes,casePlanVersionService.requestChangesOnPlanVersion,requireCaseAccess,case_plan_version_id,NONE,PENDING,"casePlanVersionService.ts|server/migrations/20260809_case_workspace_case_plan_version.sql|server/src/services/caseWorkspace/__tests__/casePlanVersionService.pg.test.ts (existing functional test, row-level coverage not verified by Stream E)",NOT_IMPLEMENTED,E2,command,CW-RT-030;CW-RT-031,"command/route name not in canon, by-analogy naming"
CW-00-020-INV5;CW-01-011;CW-RT-017;CW-RT-029;CW-RT-030;CW-RT-043;CW-GR-024;CW-GR-036;CW-GR-044;CW-CANON-06;CW-DOD-B3;CW-DOD-B4,POST /api/v8/case-workspace/plan-versions/:planVersionId/publish,casePlanVersionService.publishPlanVersion,requireCaseAccess,case_plan_version_id,NONE,PENDING,"casePlanVersionService.ts|server/migrations/20260809_case_workspace_case_plan_version.sql|server/src/services/caseWorkspace/__tests__/casePlanVersionService.pg.test.ts (existing functional test, row-level coverage not verified by Stream E)",IMPLEMENTED_AND_PROVEN,E2,command,CW-00-020-INV5;CW-00-020-INV5-U1;CW-01-011;CW-01-011-U1;CW-01-011-U2;CW-RT-017;CW-RT-017-U1;CW-RT-029;CW-RT-029-U1;CW-RT-030;CW-RT-043;CW-GR-024;CW-GR-036;CW-GR-044;CW-CANON-06;CW-DOD-B3;CW-DOD-B4,"no publisher-standing check (GOV-030 gap, flagged in caseWorkspaceAuthContext.ts retrofit note #4)"
CW-RT-030;CW-RT-031,POST /api/v8/case-workspace/plan-versions/:planVersionId/withdraw,casePlanVersionService.withdrawPlanVersion,requireCaseAccess,case_plan_version_id,NONE,PENDING,"casePlanVersionService.ts|server/migrations/20260809_case_workspace_case_plan_version.sql|server/src/services/caseWorkspace/__tests__/casePlanVersionService.pg.test.ts (existing functional test, row-level coverage not verified by Stream E)",NOT_IMPLEMENTED,E2,command,CW-RT-030;CW-RT-031,"command/route name not in canon, by-analogy naming"
CW-GR-024;CW-GR-001,GET /api/v8/case-workspace/plan-versions/:planVersionId/graph,casePlanVersionService.getGraph,requireCaseAccess (via getPlanVersion),case_plan_version_id,NONE,PENDING,"casePlanVersionService.ts|server/migrations/20260809_case_workspace_case_plan_version.sql|server/src/services/caseWorkspace/__tests__/casePlanVersionService.pg.test.ts (existing functional test, row-level coverage not verified by Stream E)",NOT_IMPLEMENTED,E2,query,CW-GR-024;CW-GR-001,
CW-RT-017;CW-GR-024;CW-DOD-B3,GET /api/v8/case-workspace/cases/:caseId/plan-versions/:planVersionId/diff,casePlanVersionService.diffPlanVersions,requireCaseAccess,case_plan_version_id (pair: from/to),NONE,PENDING,"casePlanVersionService.ts|server/migrations/20260809_case_workspace_case_plan_version.sql|server/src/services/caseWorkspace/__tests__/casePlanVersionService.pg.test.ts (existing functional test, row-level coverage not verified by Stream E)",PARTIAL,E2,query,CW-RT-017;CW-RT-017-U1;CW-GR-024;CW-DOD-B3,"assumes ID-stable authoring, flagged limitation"
CW-GR-005;CW-GR-024;CW-02-016,GET /api/v8/case-workspace/plan-versions/:planVersionId/view-state/:viewType,casePlanVersionService.getViewState,requireCaseAccess,case_plan_version_id,NONE,PENDING,"casePlanVersionService.ts|server/migrations/20260809_case_workspace_case_plan_version.sql|server/src/services/caseWorkspace/__tests__/casePlanVersionService.pg.test.ts (existing functional test, row-level coverage not verified by Stream E)",NOT_IMPLEMENTED,E2,query,CW-GR-005;CW-GR-024;CW-02-016,
CW-GR-005;CW-GR-025;CW-GR-045;CW-02-016,PUT /api/v8/case-workspace/plan-versions/:planVersionId/view-state/:viewType,casePlanVersionService.putViewState,requireCaseAccess,case_plan_version_id,NONE,PENDING,"casePlanVersionService.ts|server/migrations/20260809_case_workspace_case_plan_version.sql|server/src/services/caseWorkspace/__tests__/casePlanVersionService.pg.test.ts (existing functional test, row-level coverage not verified by Stream E)",NOT_IMPLEMENTED,E2,command,CW-GR-005;CW-GR-025;CW-GR-045;CW-02-016,"last-write-wins, no OCC (accepted design decision)"
DERIVED,PENDING_STREAM_B,capabilityRegistryService.computeRequestDigest,NONE-INTERNAL-ONLY,"n/a (pure fn, sha256 of payload)",NONE,PENDING,"capabilityRegistryService.ts|server/migrations/20260809_case_workspace_capability_registry.sql|server/src/services/caseWorkspace/__tests__/capabilityRegistryService.pg.test.ts (existing functional test, row-level coverage not verified by Stream E)",NOT_IMPLEMENTED,E3,query,,no DB access; not listed in file's own req_id coverage header
CW-GR-015;CW-GR-020;CW-DOD-C1;CW-GR-029;MIG-016,POST /api/v8/case-workspace/capabilities,capabilityRegistryService.registerCapability,requireOrgRole(ADMIN),capability_registry_id (new),NONE,PENDING,"capabilityRegistryService.ts|server/migrations/20260809_case_workspace_capability_registry.sql|server/src/services/caseWorkspace/__tests__/capabilityRegistryService.pg.test.ts (existing functional test, row-level coverage not verified by Stream E)",IMPLEMENTED_AND_PROVEN,E3,command,CW-GR-015;CW-GR-015-U1;CW-GR-020;CW-GR-020-U1;CW-DOD-C1;CW-GR-029;MIG-016,"platform-global, no org_id/case_id column"
CW-GR-029;CW-GR-046,GET /api/v8/case-workspace/capabilities/:capabilityId/versions/:capabilityVersion,capabilityRegistryService.getCapabilityVersion,requireOrgMember,capability_registry_id,NONE,PENDING,"capabilityRegistryService.ts|server/migrations/20260809_case_workspace_capability_registry.sql|server/src/services/caseWorkspace/__tests__/capabilityRegistryService.pg.test.ts (existing functional test, row-level coverage not verified by Stream E)",NOT_IMPLEMENTED,E3,query,CW-GR-029;CW-GR-046,
CW-GR-029,GET /api/v8/case-workspace/capabilities/by-id/:capabilityRegistryId,capabilityRegistryService.getCapabilityByRegistryId,requireOrgMember,capability_registry_id,NONE,PENDING,"capabilityRegistryService.ts|server/migrations/20260809_case_workspace_capability_registry.sql|server/src/services/caseWorkspace/__tests__/capabilityRegistryService.pg.test.ts (existing functional test, row-level coverage not verified by Stream E)",NOT_IMPLEMENTED,E3,query,CW-GR-029,
CW-GR-029;CW-GR-030,GET /api/v8/case-workspace/capabilities,capabilityRegistryService.listCapabilities,requireOrgMember,"n/a (filter query, no single object id)",NONE,PENDING,"capabilityRegistryService.ts|server/migrations/20260809_case_workspace_capability_registry.sql|server/src/services/caseWorkspace/__tests__/capabilityRegistryService.pg.test.ts (existing functional test, row-level coverage not verified by Stream E)",IMPLEMENTED_AND_PROVEN,E3,query,CW-GR-029;CW-GR-030;CW-GR-030-U1,
CW-GR-016;CW-GR-046;MIG-016,GET /api/v8/case-workspace/capabilities/active,capabilityRegistryService.listActiveCapabilities,requireOrgMember (via listCapabilities),"n/a (filter query, no single object id)",NONE,PENDING,"capabilityRegistryService.ts|server/migrations/20260809_case_workspace_capability_registry.sql|server/src/services/caseWorkspace/__tests__/capabilityRegistryService.pg.test.ts (existing functional test, row-level coverage not verified by Stream E)",PARTIAL,E3,query,CW-GR-016;CW-GR-016-U1;CW-GR-046;MIG-016,
CW-GR-015;CW-GR-016;CW-GR-047,POST /api/v8/case-workspace/capabilities/by-id/:capabilityRegistryId/health,capabilityRegistryService.markCapabilityHealth,requireOrgRole(ADMIN),capability_registry_id,NONE,PENDING,"capabilityRegistryService.ts|server/migrations/20260809_case_workspace_capability_registry.sql|server/src/services/caseWorkspace/__tests__/capabilityRegistryService.pg.test.ts (existing functional test, row-level coverage not verified by Stream E)",IMPLEMENTED_AND_PROVEN,E3,command,CW-GR-015;CW-GR-015-U1;CW-GR-016;CW-GR-016-U1;CW-GR-047,OCC via version column
CW-GR-019;CW-GR-021,POST /api/v8/case-workspace/capabilities/by-id/:capabilityRegistryId/idempotency-check,capabilityRegistryService.recordIdempotencyKeyCheck,requireOrgMember,capability_registry_id + idempotency_key,NONE,PENDING,"capabilityRegistryService.ts|server/migrations/20260809_case_workspace_capability_registry.sql|server/src/services/caseWorkspace/__tests__/capabilityRegistryService.pg.test.ts (existing functional test, row-level coverage not verified by Stream E)",NOT_IMPLEMENTED,E3,command,CW-GR-019;CW-GR-021,"stores sha256 digest only, never raw payload (CW-DOD-C3); no completion/TTL"
CW-00-020-INV6;CW-01-011;CW-01-012;CW-RT-013;CW-RT-017;CW-RT-018,POST /api/v8/case-workspace/run-bindings,runBindingService.bindRunToPlanVersion,requireCaseAccess (route resolves owning case via casePlanVersionService.getPlanVersion first),run_id (PRIMARY KEY; at-most-one-binding-ever),NONE,PENDING,"runBindingService.ts|server/migrations/20260809_case_workspace_run_binding.sql|server/src/services/caseWorkspace/__tests__/runBindingService.pg.test.ts (existing functional test, row-level coverage not verified by Stream E)",IMPLEMENTED_AND_PROVEN,E4,command,CW-00-020-INV6;CW-00-020-INV6-U1;CW-01-011;CW-01-011-U1;CW-01-011-U2;CW-01-012;CW-01-012-U1;CW-RT-013;CW-RT-013-U1;CW-RT-017;CW-RT-017-U1;CW-RT-018;CW-RT-018-U1,requires plan version status='PUBLISHED'
CW-00-020-INV6;CW-RT-018,GET /api/v8/case-workspace/run-bindings/:runId,runBindingService.getRunBinding,requireCaseAccess,run_id,NONE,PENDING,"runBindingService.ts|server/migrations/20260809_case_workspace_run_binding.sql|server/src/services/caseWorkspace/__tests__/runBindingService.pg.test.ts (existing functional test, row-level coverage not verified by Stream E)",IMPLEMENTED_AND_PROVEN,E4,query,CW-00-020-INV6;CW-00-020-INV6-U1;CW-RT-018;CW-RT-018-U1,
CW-RT-013;CW-02-011;CW-02-024,GET /api/v8/case-workspace/run-bindings/by-case/:caseId,runBindingService.listRunBindingsForCase,requireCaseAccess,case_id,NONE,PENDING,"runBindingService.ts|server/migrations/20260809_case_workspace_run_binding.sql|server/src/services/caseWorkspace/__tests__/runBindingService.pg.test.ts (existing functional test, row-level coverage not verified by Stream E)",IMPLEMENTED_AND_PROVEN,E4,query,CW-RT-013;CW-RT-013-U1;CW-02-011;CW-02-024,
CW-00-020-INV6;CW-RT-017,GET /api/v8/case-workspace/run-bindings/by-plan-version/:casePlanVersionId,runBindingService.listRunBindingsForPlanVersion,requireCaseAccess,case_plan_version_id,NONE,PENDING,"runBindingService.ts|server/migrations/20260809_case_workspace_run_binding.sql|server/src/services/caseWorkspace/__tests__/runBindingService.pg.test.ts (existing functional test, row-level coverage not verified by Stream E)",IMPLEMENTED_AND_PROVEN,E4,query,CW-00-020-INV6;CW-00-020-INV6-U1;CW-RT-017;CW-RT-017-U1,
DERIVED,PENDING_STREAM_B,proposalApprovalService.computeProposalExpiryState,NONE-INTERNAL-ONLY,n/a (pure fn),NONE,PENDING,"proposalApprovalService.ts|server/migrations/20260809_case_workspace_proposals_approvals.sql|server/src/services/caseWorkspace/__tests__/proposalApprovalService.pg.test.ts (existing functional test, row-level coverage not verified by Stream E)|server/src/services/caseWorkspace/__tests__/security/proposalApprovalService.security.pg.test.ts (Stream E adversarial spec, written not yet run — see file header)",NOT_IMPLEMENTED,E6,query,,no DB access; not listed in file's own req_id coverage header
DERIVED,PENDING_STREAM_B,proposalApprovalService.computeProposalTargetValidity,NONE-INTERNAL-ONLY,n/a (pure fn),NONE,PENDING,"proposalApprovalService.ts|server/migrations/20260809_case_workspace_proposals_approvals.sql|server/src/services/caseWorkspace/__tests__/proposalApprovalService.pg.test.ts (existing functional test, row-level coverage not verified by Stream E)|server/src/services/caseWorkspace/__tests__/security/proposalApprovalService.security.pg.test.ts (Stream E adversarial spec, written not yet run — see file header)",NOT_IMPLEMENTED,E6,query,,no DB access; not listed in file's own req_id coverage header
CW-RT-022;CW-RT-043;CW-GR-021;CW-RT-060;CW-01-013,POST /api/v8/case-workspace/cases/:caseId/proposals,proposalApprovalService.createActionProposal,requireCaseAccess,action_proposal_id (new),NONE,PENDING,"proposalApprovalService.ts|server/migrations/20260809_case_workspace_proposals_approvals.sql|server/src/services/caseWorkspace/__tests__/proposalApprovalService.pg.test.ts (existing functional test, row-level coverage not verified by Stream E)|server/src/services/caseWorkspace/__tests__/security/proposalApprovalService.security.pg.test.ts (Stream E adversarial spec, written not yet run — see file header)",IMPLEMENTED_AND_PROVEN,E6,command,CW-RT-022;CW-RT-022-U1;CW-RT-043;CW-GR-021;CW-RT-060;CW-RT-060-U1;CW-01-013,"RETROFIT PRIORITY #5 in caseWorkspaceAuthContext.ts header, CLOSED by Stream A (commits c4374eb5dd/a5e4009b52, fan-in e416096d15): createActionProposal now opens with `await requireCaseAccess(createdByActorId, caseId);` before touching the row — the creator's standing is verified. Formerly-red security/proposalApprovalService.security.pg.test.ts (B) test now asserts and verifies this rejection."
CW-RT-041;CW-RT-043,POST /api/v8/case-workspace/proposals/:actionProposalId/submit-for-review,proposalApprovalService.submitActionProposalForReview,requireCaseAccess,action_proposal_id,NONE,PENDING,"proposalApprovalService.ts|server/migrations/20260809_case_workspace_proposals_approvals.sql|server/src/services/caseWorkspace/__tests__/proposalApprovalService.pg.test.ts (existing functional test, row-level coverage not verified by Stream E)|server/src/services/caseWorkspace/__tests__/security/proposalApprovalService.security.pg.test.ts (Stream E adversarial spec, written not yet run — see file header)",IMPLEMENTED_AND_PROVEN,E6,command,CW-RT-041;CW-RT-041-U1;CW-RT-043,
CW-RT-022;CW-RT-023;CW-RT-041;CW-RT-053;CW-CANON-09;CW-CANON-10;CW-02-034;CW-03-014;CW-GR-027;CW-GR-028;CW-RT-060;CW-RT-061;GOV-022;CW-01-026-INV4;CW-01-026-INV5,POST /api/v8/case-workspace/proposals/:actionProposalId/decision,proposalApprovalService.recordApprovalDecision,requireCaseAccess,action_proposal_id,NONE,PENDING,"proposalApprovalService.ts|server/migrations/20260809_case_workspace_proposals_approvals.sql|server/src/services/caseWorkspace/__tests__/proposalApprovalService.pg.test.ts (existing functional test, row-level coverage not verified by Stream E)|server/src/services/caseWorkspace/__tests__/security/proposalApprovalService.security.pg.test.ts (Stream E adversarial spec, written not yet run — see file header)",IMPLEMENTED_AND_PROVEN,E6,command,CW-RT-022;CW-RT-022-U1;CW-RT-023;CW-RT-023-U1;CW-RT-041;CW-RT-041-U1;CW-RT-053;CW-RT-053-U1;CW-CANON-09;CW-CANON-09-U1;CW-CANON-10;CW-02-034;CW-03-014;CW-GR-027;CW-GR-028;CW-RT-060;CW-RT-060-U1;CW-RT-061;GOV-022;CW-01-026-INV4;CW-01-026-INV4-U1;CW-01-026-INV5,"RETROFIT PRIORITY #1 (highest) in caseWorkspaceAuthContext.ts header, CLOSED by Stream A: recordApprovalDecision now opens its transaction with `await requireCaseAccess(decidedByActorId, row.case_id);` BEFORE the self-approval/staleness checks — decidedByActorId's org membership is now verified on every decision, not just self-approval. Formerly-red security/proposalApprovalService.security.pg.test.ts (B) test now asserts and verifies this rejection."
CW-RT-041;CW-RT-042;CW-RT-023;CW-RT-061;CW-00-020-INV11;CW-RT-053,POST /api/v8/case-workspace/proposals/:actionProposalId/transition-to-executing,proposalApprovalService.transitionProposalToExecuting,requireCaseAccess,action_proposal_id,NONE,PENDING,"proposalApprovalService.ts|server/migrations/20260809_case_workspace_proposals_approvals.sql|server/src/services/caseWorkspace/__tests__/proposalApprovalService.pg.test.ts (existing functional test, row-level coverage not verified by Stream E)|server/src/services/caseWorkspace/__tests__/security/proposalApprovalService.security.pg.test.ts (Stream E adversarial spec, written not yet run — see file header)",IMPLEMENTED_AND_PROVEN,E6,command,CW-RT-041;CW-RT-041-U1;CW-RT-042;CW-RT-023;CW-RT-023-U1;CW-RT-061;CW-00-020-INV11;CW-00-020-INV11-U1;CW-RT-053;CW-RT-053-U1,"RETROFIT PRIORITY #2 in caseWorkspaceAuthContext.ts header, CLOSED by Stream A: transitionProposalToExecuting now opens with `await requireCaseAccess(actorUserId, row.case_id);` at the execution-transition moment itself — SEC-004's 'authority re-checked at execution, not just at approval time' is now implemented (a membership revoked between APPROVE and EXECUTING is caught here)."
CW-RT-041;CW-RT-042,POST /api/v8/case-workspace/proposals/:actionProposalId/transition-to-executed,proposalApprovalService.transitionProposalToExecuted,NONE-INTERNAL-ONLY (service fn itself; route composes requireCaseAccess via getActionProposal before calling it),action_proposal_id,NONE,PENDING,"proposalApprovalService.ts|server/migrations/20260809_case_workspace_proposals_approvals.sql|server/src/services/caseWorkspace/__tests__/proposalApprovalService.pg.test.ts (existing functional test, row-level coverage not verified by Stream E)|server/src/services/caseWorkspace/__tests__/security/proposalApprovalService.security.pg.test.ts (Stream E adversarial spec, written not yet run — see file header)",IMPLEMENTED_AND_PROVEN,E6,command,CW-RT-041;CW-RT-041-U1;CW-RT-042,
CW-RT-041,POST /api/v8/case-workspace/proposals/:actionProposalId/transition-to-failed,proposalApprovalService.transitionProposalToFailed,NONE-INTERNAL-ONLY (service fn itself; route composes requireCaseAccess via getActionProposal before calling it),action_proposal_id,NONE,PENDING,"proposalApprovalService.ts|server/migrations/20260809_case_workspace_proposals_approvals.sql|server/src/services/caseWorkspace/__tests__/proposalApprovalService.pg.test.ts (existing functional test, row-level coverage not verified by Stream E)|server/src/services/caseWorkspace/__tests__/security/proposalApprovalService.security.pg.test.ts (Stream E adversarial spec, written not yet run — see file header)",IMPLEMENTED_AND_PROVEN,E6,command,CW-RT-041;CW-RT-041-U1,
CW-RT-041,POST /api/v8/case-workspace/proposals/:actionProposalId/retry,proposalApprovalService.retryProposalFromFailed,requireCaseAccess,action_proposal_id,NONE,PENDING,"proposalApprovalService.ts|server/migrations/20260809_case_workspace_proposals_approvals.sql|server/src/services/caseWorkspace/__tests__/proposalApprovalService.pg.test.ts (existing functional test, row-level coverage not verified by Stream E)|server/src/services/caseWorkspace/__tests__/security/proposalApprovalService.security.pg.test.ts (Stream E adversarial spec, written not yet run — see file header)",IMPLEMENTED_AND_PROVEN,E6,command,CW-RT-041;CW-RT-041-U1,"RETROFIT PRIORITY #2 (same as transitionProposalToExecuting), CLOSED by Stream A: retryProposalFromFailed now opens with `await requireCaseAccess(actorUserId, row.case_id);` before re-attempting execution."
CW-RT-041,POST /api/v8/case-workspace/proposals/:actionProposalId/audit,proposalApprovalService.markProposalAudited,NONE-INTERNAL-ONLY (service fn itself; route composes requireCaseAccess via getActionProposal before calling it),action_proposal_id,NONE,PENDING,"proposalApprovalService.ts|server/migrations/20260809_case_workspace_proposals_approvals.sql|server/src/services/caseWorkspace/__tests__/proposalApprovalService.pg.test.ts (existing functional test, row-level coverage not verified by Stream E)|server/src/services/caseWorkspace/__tests__/security/proposalApprovalService.security.pg.test.ts (Stream E adversarial spec, written not yet run — see file header)",IMPLEMENTED_AND_PROVEN,E6,command,CW-RT-041;CW-RT-041-U1,
CW-RT-041,POST /api/v8/case-workspace/proposals/:actionProposalId/revoke,proposalApprovalService.revokeApprovedProposal,requireCaseAccess,action_proposal_id,NONE,PENDING,"proposalApprovalService.ts|server/migrations/20260809_case_workspace_proposals_approvals.sql|server/src/services/caseWorkspace/__tests__/proposalApprovalService.pg.test.ts (existing functional test, row-level coverage not verified by Stream E)|server/src/services/caseWorkspace/__tests__/security/proposalApprovalService.security.pg.test.ts (Stream E adversarial spec, written not yet run — see file header)",IMPLEMENTED_AND_PROVEN,E6,command,CW-RT-041;CW-RT-041-U1,state machine blocks revoking past APPROVED; policy-nuance enforcement deferred
CW-GR-027,GET /api/v8/case-workspace/proposals/:actionProposalId,proposalApprovalService.getActionProposal,requireCaseAccess,action_proposal_id,NONE,PENDING,"proposalApprovalService.ts|server/migrations/20260809_case_workspace_proposals_approvals.sql|server/src/services/caseWorkspace/__tests__/proposalApprovalService.pg.test.ts (existing functional test, row-level coverage not verified by Stream E)|server/src/services/caseWorkspace/__tests__/security/proposalApprovalService.security.pg.test.ts (Stream E adversarial spec, written not yet run — see file header)",NOT_IMPLEMENTED,E6,query,CW-GR-027,
CW-RT-043,GET /api/v8/case-workspace/cases/:caseId/proposals,proposalApprovalService.listActionProposalsForCase,requireCaseAccess,case_id,NONE,PENDING,"proposalApprovalService.ts|server/migrations/20260809_case_workspace_proposals_approvals.sql|server/src/services/caseWorkspace/__tests__/proposalApprovalService.pg.test.ts (existing functional test, row-level coverage not verified by Stream E)|server/src/services/caseWorkspace/__tests__/security/proposalApprovalService.security.pg.test.ts (Stream E adversarial spec, written not yet run — see file header)",NOT_IMPLEMENTED,E6,query,CW-RT-043,
CW-GR-026,GET /api/v8/case-workspace/runs/:runId/proposals,proposalApprovalService.listActionProposalsForRun,"NONE-INTERNAL-ONLY (service fn itself has no case/org filter; route authorizes every distinct caseId in the result, all-or-nothing)",run_id,NONE,PENDING,"proposalApprovalService.ts|server/migrations/20260809_case_workspace_proposals_approvals.sql|server/src/services/caseWorkspace/__tests__/proposalApprovalService.pg.test.ts (existing functional test, row-level coverage not verified by Stream E)|server/src/services/caseWorkspace/__tests__/security/proposalApprovalService.security.pg.test.ts (Stream E adversarial spec, written not yet run — see file header)",NOT_IMPLEMENTED,E6,query,CW-GR-026,
CW-02-034;CW-03-014,GET /api/v8/case-workspace/proposals/:actionProposalId/decisions,proposalApprovalService.listDecisionsForProposal,requireCaseAccess,action_proposal_id,NONE,PENDING,"proposalApprovalService.ts|server/migrations/20260809_case_workspace_proposals_approvals.sql|server/src/services/caseWorkspace/__tests__/proposalApprovalService.pg.test.ts (existing functional test, row-level coverage not verified by Stream E)|server/src/services/caseWorkspace/__tests__/security/proposalApprovalService.security.pg.test.ts (Stream E adversarial spec, written not yet run — see file header)",NOT_IMPLEMENTED,E6,query,CW-02-034;CW-03-014,
DERIVED,PENDING_STREAM_B,waitSubscriptionService.computeWaitOverdueState,NONE-INTERNAL-ONLY,n/a (pure fn),NONE,PENDING,"waitSubscriptionService.ts|server/migrations/20260809_case_workspace_wait_subscription.sql|server/src/services/caseWorkspace/__tests__/waitSubscriptionService.pg.test.ts (existing functional test, row-level coverage not verified by Stream E)",NOT_IMPLEMENTED,E5,query,,no DB access; not listed in file's own req_id coverage header
CW-RT-020;CW-RT-021;CW-00-020-INV10;CW-RT-043;CW-RT-060,POST /api/v8/case-workspace/cases/:caseId/waits,waitSubscriptionService.createWait,requireCaseAccess,wait_id (new),NONE,PENDING,"waitSubscriptionService.ts|server/migrations/20260809_case_workspace_wait_subscription.sql|server/src/services/caseWorkspace/__tests__/waitSubscriptionService.pg.test.ts (existing functional test, row-level coverage not verified by Stream E)",IMPLEMENTED_AND_PROVEN,E5,command,CW-RT-020;CW-RT-020-U1;CW-RT-021;CW-RT-021-U1;CW-00-020-INV10;CW-00-020-INV10-U1;CW-RT-043;CW-RT-060;CW-RT-060-U1,correlation_key double-duty as idempotent-create key
CW-RT-021;CW-00-020-INV10;CW-RT-052;CW-CANON-11,PENDING_STREAM_B,waitSubscriptionService.claimTimerWait,NONE-INTERNAL-ONLY,wait_id,NONE,PENDING,"waitSubscriptionService.ts|server/migrations/20260809_case_workspace_wait_subscription.sql|server/src/services/caseWorkspace/__tests__/waitSubscriptionService.pg.test.ts (existing functional test, row-level coverage not verified by Stream E)",IMPLEMENTED_AND_PROVEN,E5,command,CW-RT-021;CW-RT-021-U1;CW-00-020-INV10;CW-00-020-INV10-U1;CW-RT-052;CW-RT-052-U1;CW-CANON-11;CW-CANON-11-U1,"lease/fencing-token claim, mirrors operationClaimService.ts idiom"
CW-RT-021;CW-RT-052;CW-CANON-11;CW-DOD-C5,PENDING_STREAM_B,waitSubscriptionService.renewTimerWaitClaimLease,NONE-INTERNAL-ONLY,wait_id,NONE,PENDING,"waitSubscriptionService.ts|server/migrations/20260809_case_workspace_wait_subscription.sql|server/src/services/caseWorkspace/__tests__/waitSubscriptionService.pg.test.ts (existing functional test, row-level coverage not verified by Stream E)",IMPLEMENTED_AND_PROVEN,E5,command,CW-RT-021;CW-RT-021-U1;CW-RT-052;CW-RT-052-U1;CW-CANON-11;CW-CANON-11-U1;CW-DOD-C5,
CW-RT-020;CW-RT-021;CW-RT-043;CW-CANON-11;CW-01-026-INV8,POST /api/v8/case-workspace/waits/:waitId/resolve,waitSubscriptionService.resolveWait,"NONE-INTERNAL-ONLY (service fn itself, by design — shared with unauthenticated TIMER/DOMAIN_EVENT/EXTERNAL_CALLBACK paths; route composes requireCaseAccess via getWait before calling it)",wait_id,NONE,PENDING,"waitSubscriptionService.ts|server/migrations/20260809_case_workspace_wait_subscription.sql|server/src/services/caseWorkspace/__tests__/waitSubscriptionService.pg.test.ts (existing functional test, row-level coverage not verified by Stream E)",IMPLEMENTED_AND_PROVEN,E5,command,CW-RT-020;CW-RT-020-U1;CW-RT-021;CW-RT-021-U1;CW-RT-043;CW-CANON-11;CW-CANON-11-U1;CW-01-026-INV8,"RETROFIT PRIORITY #6 in caseWorkspaceAuthContext.ts header — STILL OPEN at the service-function layer by explicit design (see resolveWait's own doc comment): the function itself has no direct requireCaseAccess call because it is shared with the unauthenticated TIMER/DOMAIN_EVENT/EXTERNAL_CALLBACK internal paths, which have no real end-user actor to check. For the HUMAN path this is NOT actually exploitable over HTTP: the shipped route (POST /waits/:waitId/resolve, waitSubscriptions.routes.ts) composes requireCaseAccessForWait (getWait + requireCaseAccessForActor) BEFORE calling svc.resolveWait, so an external caller cannot reach this function without passing that gate. CW-DOD-D6 for the genuine DOMAIN_EVENT/EXTERNAL_CALLBACK forgery vector remains unresolved and is out of this packet's scope (open_question #8 in the service file), consistent with the original finding."
CW-RT-043;CW-01-026-INV8;CW-02-029,POST /api/v8/case-workspace/waits/:waitId/human-input,waitSubscriptionService.provideHumanInput,requireCaseAccess (via its own getWait call before delegating to resolveWait),wait_id,NONE,PENDING,"waitSubscriptionService.ts|server/migrations/20260809_case_workspace_wait_subscription.sql|server/src/services/caseWorkspace/__tests__/waitSubscriptionService.pg.test.ts (existing functional test, row-level coverage not verified by Stream E)",NOT_IMPLEMENTED,E5,command,CW-RT-043;CW-01-026-INV8;CW-02-029,actor not persisted (no decided_by-shaped column) — accepted gap
CW-RT-043;CW-RT-052;CW-RT-062;CW-DOD-C5,PENDING_STREAM_B,waitSubscriptionService.expireWait,NONE-INTERNAL-ONLY,wait_id,NONE,PENDING,"waitSubscriptionService.ts|server/migrations/20260809_case_workspace_wait_subscription.sql|server/src/services/caseWorkspace/__tests__/waitSubscriptionService.pg.test.ts (existing functional test, row-level coverage not verified by Stream E)",IMPLEMENTED_AND_PROVEN,E5,command,CW-RT-043;CW-RT-052;CW-RT-052-U1;CW-RT-062;CW-RT-062-U1;CW-DOD-C5,"sweep trigger/cron not built, primitive only"
CW-02-029;CW-RT-052,POST /api/v8/case-workspace/waits/:waitId/cancel,waitSubscriptionService.cancelWait,requireCaseAccess (via applySimpleWaitTransition),wait_id,NONE,PENDING,"waitSubscriptionService.ts|server/migrations/20260809_case_workspace_wait_subscription.sql|server/src/services/caseWorkspace/__tests__/waitSubscriptionService.pg.test.ts (existing functional test, row-level coverage not verified by Stream E)",PARTIAL,E5,command,CW-02-029;CW-RT-052;CW-RT-052-U1,
CW-RT-020;CW-DOD-B5,GET /api/v8/case-workspace/waits/:waitId,waitSubscriptionService.getWait,requireCaseAccess,wait_id,NONE,PENDING,"waitSubscriptionService.ts|server/migrations/20260809_case_workspace_wait_subscription.sql|server/src/services/caseWorkspace/__tests__/waitSubscriptionService.pg.test.ts (existing functional test, row-level coverage not verified by Stream E)",IMPLEMENTED_AND_PROVEN,E5,query,CW-RT-020;CW-RT-020-U1;CW-DOD-B5,
CW-GR-026;CW-02-029,GET /api/v8/case-workspace/runs/:runId/waits,waitSubscriptionService.listWaitsForRun,requireCaseAccess,run_id,NONE,PENDING,"waitSubscriptionService.ts|server/migrations/20260809_case_workspace_wait_subscription.sql|server/src/services/caseWorkspace/__tests__/waitSubscriptionService.pg.test.ts (existing functional test, row-level coverage not verified by Stream E)",NOT_IMPLEMENTED,E5,query,CW-GR-026;CW-02-029,
CW-DOD-B5;CW-DOD-B8,GET /api/v8/case-workspace/cases/:caseId/waits,waitSubscriptionService.listWaitsForCase,requireCaseAccess,case_id,NONE,PENDING,"waitSubscriptionService.ts|server/migrations/20260809_case_workspace_wait_subscription.sql|server/src/services/caseWorkspace/__tests__/waitSubscriptionService.pg.test.ts (existing functional test, row-level coverage not verified by Stream E)",NOT_IMPLEMENTED,E5,query,CW-DOD-B5;CW-DOD-B8,
CW-RT-021;CW-DOD-I6,PENDING_STREAM_B,waitSubscriptionService.listDueTimerWaitsForClaim,NONE-INTERNAL-ONLY,"n/a (scheduler sweep query, no single object id)",NONE,PENDING,"waitSubscriptionService.ts|server/migrations/20260809_case_workspace_wait_subscription.sql|server/src/services/caseWorkspace/__tests__/waitSubscriptionService.pg.test.ts (existing functional test, row-level coverage not verified by Stream E)",IMPLEMENTED_AND_PROVEN,E5,query,CW-RT-021;CW-RT-021-U1;CW-DOD-I6,
CW-00-016;CW-DOD-B2,PENDING_STREAM_B,caseHistoryService.classifyHistoryEventProjections,NONE-INTERNAL-ONLY,n/a (pure fn over event_type string),NONE,PENDING,"caseHistoryService.ts|server/migrations/20260809_case_workspace_history_value.sql|server/src/services/caseWorkspace/__tests__/caseHistoryService.pg.test.ts (existing functional test, row-level coverage not verified by Stream E)",PARTIAL,E11,query,CW-00-016;CW-DOD-B2;CW-DOD-B2-U1,
CW-01-016;CW-01-026-INV12;CW-00-020-INV13,PENDING_STREAM_B,caseHistoryService.computeMetricValueOutcomeState,NONE-INTERNAL-ONLY,n/a (pure fn),NONE,PENDING,"caseHistoryService.ts|server/migrations/20260809_case_workspace_history_value.sql|server/src/services/caseWorkspace/__tests__/caseHistoryService.pg.test.ts (existing functional test, row-level coverage not verified by Stream E)",IMPLEMENTED_AND_PROVEN,E11,query,CW-01-016;CW-01-016-U1;CW-01-026-INV12;CW-01-026-INV12-U1;CW-00-020-INV13;CW-00-020-INV13-U1,
CW-00-020-INV13;CW-01-026-INV9;CW-DOD-B2,POST /api/v8/case-workspace/cases/:caseId/history-events,caseHistoryService.appendCaseHistoryEvent,requireCaseAccess,event_id (new),"CALLER_SUPPLIED (event_type is open TEXT, not a CHECK enum; this function IS the writer)",PENDING,"caseHistoryService.ts|server/migrations/20260809_case_workspace_history_value.sql|server/src/services/caseWorkspace/__tests__/caseHistoryService.pg.test.ts (existing functional test, row-level coverage not verified by Stream E)",IMPLEMENTED_AND_PROVEN,E11,command,CW-00-020-INV13;CW-00-020-INV13-U1;CW-01-026-INV9;CW-01-026-INV9-U1;CW-DOD-B2;CW-DOD-B2-U1,INSERT-only; ON CONFLICT(dedupe_key) DO NOTHING for idempotent replay
CW-00-020-INV13,GET /api/v8/case-workspace/history-events/:eventId,caseHistoryService.getCaseHistoryEvent,requireCaseAccess,event_id,NONE,PENDING,"caseHistoryService.ts|server/migrations/20260809_case_workspace_history_value.sql|server/src/services/caseWorkspace/__tests__/caseHistoryService.pg.test.ts (existing functional test, row-level coverage not verified by Stream E)",IMPLEMENTED_AND_PROVEN,E11,query,CW-00-020-INV13;CW-00-020-INV13-U1,
CW-00-020-INV13;CW-03-017;CW-DOD-B2,GET /api/v8/case-workspace/cases/:caseId/history-events,caseHistoryService.listCaseHistoryEventsForCase,requireCaseAccess,case_id,NONE,PENDING,"caseHistoryService.ts|server/migrations/20260809_case_workspace_history_value.sql|server/src/services/caseWorkspace/__tests__/caseHistoryService.pg.test.ts (existing functional test, row-level coverage not verified by Stream E)",IMPLEMENTED_AND_PROVEN,E11,query,CW-00-020-INV13;CW-00-020-INV13-U1;CW-03-017;CW-DOD-B2;CW-DOD-B2-U1,
CW-02-032;CW-00-020-INV13;CW-01-016;CW-01-026-INV12,POST /api/v8/case-workspace/cases/:caseId/value-measurements,caseHistoryService.recordValueMeasurement,requireCaseAccess,measurement_id (new),"VALUE_MEASUREMENT_RECORDED (via appendCaseHistoryEvent, same DB transaction)",PENDING,"caseHistoryService.ts|server/migrations/20260809_case_workspace_history_value.sql|server/src/services/caseWorkspace/__tests__/caseHistoryService.pg.test.ts (existing functional test, row-level coverage not verified by Stream E)",IMPLEMENTED_AND_PROVEN,E11,command,CW-02-032;CW-02-032-U1;CW-00-020-INV13;CW-00-020-INV13-U1;CW-01-016;CW-01-016-U1;CW-01-026-INV12;CW-01-026-INV12-U1,"the ONLY one of all 123 rows in this ledger that emits a history event today; per PACKET_REGISTRY.md, CW-P01/02/04/05/06 mutating methods do NOT yet call appendCaseHistoryEvent — real tracked gap"
CW-02-032,GET /api/v8/case-workspace/value-measurements/:measurementId,caseHistoryService.getValueMeasurement,requireCaseAccess,measurement_id,NONE,PENDING,"caseHistoryService.ts|server/migrations/20260809_case_workspace_history_value.sql|server/src/services/caseWorkspace/__tests__/caseHistoryService.pg.test.ts (existing functional test, row-level coverage not verified by Stream E)",IMPLEMENTED_AND_PROVEN,E11,query,CW-02-032;CW-02-032-U1,
CW-02-032;CW-01-004,GET /api/v8/case-workspace/cases/:caseId/value-measurements,caseHistoryService.listValueMeasurementsForCase,requireCaseAccess,case_id,NONE,PENDING,"caseHistoryService.ts|server/migrations/20260809_case_workspace_history_value.sql|server/src/services/caseWorkspace/__tests__/caseHistoryService.pg.test.ts (existing functional test, row-level coverage not verified by Stream E)",IMPLEMENTED_AND_PROVEN,E11,query,CW-02-032;CW-02-032-U1;CW-01-004,
CW-02-032;CW-01-026-INV9,GET /api/v8/case-workspace/cases/:caseId/value-measurements/metric/:metricKey,caseHistoryService.listValueMeasurementsForMetric,requireCaseAccess,case_id + metric_key,NONE,PENDING,"caseHistoryService.ts|server/migrations/20260809_case_workspace_history_value.sql|server/src/services/caseWorkspace/__tests__/caseHistoryService.pg.test.ts (existing functional test, row-level coverage not verified by Stream E)",IMPLEMENTED_AND_PROVEN,E11,query,CW-02-032;CW-02-032-U1;CW-01-026-INV9;CW-01-026-INV9-U1,
DERIVED,PENDING_STREAM_B,playService.computeGraphDigest,NONE-INTERNAL-ONLY,"n/a (pure fn; separate copy of casePlanVersionService's own helper, this directory's per-file-duplication convention)",NONE,PENDING,"playService.ts|server/migrations/20260809_case_workspace_plays.sql|server/src/services/caseWorkspace/__tests__/playService.pg.test.ts (existing functional test, row-level coverage not verified by Stream E)|server/src/services/caseWorkspace/__tests__/security/playService.security.pg.test.ts (Stream E adversarial spec, written not yet run — see file header)",NOT_IMPLEMENTED,E12,query,,no DB access; not listed in file's own req_id coverage header
DERIVED,GET /api/v8/case-workspace/process-definitions/:processDefinitionId/publisher-check,playService.isAuthorizedPublisher,"requireOrgRole(ADMIN) (delegates to requireOrgRole; returns boolean, never throws)",organization_id + actor_user_id (reads organization_members),NONE,PENDING,"playService.ts|server/migrations/20260809_case_workspace_plays.sql|server/src/services/caseWorkspace/__tests__/playService.pg.test.ts (existing functional test, row-level coverage not verified by Stream E)|server/src/services/caseWorkspace/__tests__/security/playService.security.pg.test.ts (Stream E adversarial spec, written not yet run — see file header)",NOT_IMPLEMENTED,E12,query,,internal helper used by shareProcessDefinition; not itself listed in the file's own req_id coverage header
CW-00-018;CW-RT-015,POST /api/v8/case-workspace/process-definitions,playService.createProcessDefinition,requireOrgMember,process_definition_id (new),NONE,PENDING,"playService.ts|server/migrations/20260809_case_workspace_plays.sql|server/src/services/caseWorkspace/__tests__/playService.pg.test.ts (existing functional test, row-level coverage not verified by Stream E)|server/src/services/caseWorkspace/__tests__/security/playService.security.pg.test.ts (Stream E adversarial spec, written not yet run — see file header)",IMPLEMENTED_AND_PROVEN,E12,command,CW-00-018;CW-00-018-U1;CW-RT-015;CW-RT-015-U1,
CW-RT-014;CW-GR-029,GET /api/v8/case-workspace/process-definitions/:processDefinitionId,playService.getProcessDefinition,requireOrgMember,process_definition_id,NONE,PENDING,"playService.ts|server/migrations/20260809_case_workspace_plays.sql|server/src/services/caseWorkspace/__tests__/playService.pg.test.ts (existing functional test, row-level coverage not verified by Stream E)|server/src/services/caseWorkspace/__tests__/security/playService.security.pg.test.ts (Stream E adversarial spec, written not yet run — see file header)",IMPLEMENTED_AND_PROVEN,E12,query,CW-RT-014;CW-RT-014-U1;CW-GR-029,
CW-GR-029;CW-GR-030,GET /api/v8/case-workspace/process-definitions,playService.listProcessDefinitions,requireOrgMember,organization_id (filter),NONE,PENDING,"playService.ts|server/migrations/20260809_case_workspace_plays.sql|server/src/services/caseWorkspace/__tests__/playService.pg.test.ts (existing functional test, row-level coverage not verified by Stream E)|server/src/services/caseWorkspace/__tests__/security/playService.security.pg.test.ts (Stream E adversarial spec, written not yet run — see file header)",IMPLEMENTED_AND_PROVEN,E12,query,CW-GR-029;CW-GR-030;CW-GR-030-U1,
CW-00-018;CW-RT-015;CW-GR-030,POST /api/v8/case-workspace/process-definitions/:processDefinitionId/share,playService.shareProcessDefinition,requireOrgRole(ADMIN) (via isAuthorizedPublisher),process_definition_id,NONE,PENDING,"playService.ts|server/migrations/20260809_case_workspace_plays.sql|server/src/services/caseWorkspace/__tests__/playService.pg.test.ts (existing functional test, row-level coverage not verified by Stream E)|server/src/services/caseWorkspace/__tests__/security/playService.security.pg.test.ts (Stream E adversarial spec, written not yet run — see file header)",IMPLEMENTED_AND_PROVEN,E12,command,CW-00-018;CW-00-018-U1;CW-RT-015;CW-RT-015-U1;CW-GR-030;CW-GR-030-U1,"AUTH NUANCE (Stream E finding, originally verified 2026-08-10) — CLOSED by Stream A: isAuthorizedPublisher no longer runs its own bespoke `SELECT role FROM organization_members WHERE ...` query; it now delegates to the shared `requireOrgRole(userId, orgId, 'ADMIN')` primitive, which composes requireOrgMember -> resolveActorMembership, and resolveActorMembership DOES filter `status !== 'ACTIVE'`. A REVOKED/SUSPENDED OWNER or ADMIN is now denied — see security/playService.security.pg.test.ts test (B) 'GAP CLOSED... REVOKED' for a concrete proof against a real row."
CW-RT-014;CW-RT-015;CW-RT-028;CW-GR-029,POST /api/v8/case-workspace/process-definitions/:processDefinitionId/versions,playService.createProcessVersionDraft,requireOrgMember,process_version_id (new),NONE,PENDING,"playService.ts|server/migrations/20260809_case_workspace_plays.sql|server/src/services/caseWorkspace/__tests__/playService.pg.test.ts (existing functional test, row-level coverage not verified by Stream E)|server/src/services/caseWorkspace/__tests__/security/playService.security.pg.test.ts (Stream E adversarial spec, written not yet run — see file header)",IMPLEMENTED_AND_PROVEN,E12,command,CW-RT-014;CW-RT-014-U1;CW-RT-015;CW-RT-015-U1;CW-RT-028;CW-RT-028-U1;CW-GR-029,
CW-RT-028;CW-RT-029,PUT /api/v8/case-workspace/process-versions/:processVersionId,playService.updateProcessVersionDraft,requireOrgMember,process_version_id,NONE,PENDING,"playService.ts|server/migrations/20260809_case_workspace_plays.sql|server/src/services/caseWorkspace/__tests__/playService.pg.test.ts (existing functional test, row-level coverage not verified by Stream E)|server/src/services/caseWorkspace/__tests__/security/playService.security.pg.test.ts (Stream E adversarial spec, written not yet run — see file header)",IMPLEMENTED_AND_PROVEN,E12,command,CW-RT-028;CW-RT-028-U1;CW-RT-029;CW-RT-029-U1,
CW-RT-014;CW-GR-029,GET /api/v8/case-workspace/process-versions/:processVersionId,playService.getProcessVersion,requireOrgMember,process_version_id,NONE,PENDING,"playService.ts|server/migrations/20260809_case_workspace_plays.sql|server/src/services/caseWorkspace/__tests__/playService.pg.test.ts (existing functional test, row-level coverage not verified by Stream E)|server/src/services/caseWorkspace/__tests__/security/playService.security.pg.test.ts (Stream E adversarial spec, written not yet run — see file header)",IMPLEMENTED_AND_PROVEN,E12,query,CW-RT-014;CW-RT-014-U1;CW-GR-029,
CW-GR-029;CW-GR-030,GET /api/v8/case-workspace/process-definitions/:processDefinitionId/versions,playService.listProcessVersionsForDefinition,NONE-INTERNAL-ONLY (service fn itself; route's requireOwnOrgDefinition gates the definition first),process_definition_id,NONE,PENDING,"playService.ts|server/migrations/20260809_case_workspace_plays.sql|server/src/services/caseWorkspace/__tests__/playService.pg.test.ts (existing functional test, row-level coverage not verified by Stream E)|server/src/services/caseWorkspace/__tests__/security/playService.security.pg.test.ts (Stream E adversarial spec, written not yet run — see file header)",IMPLEMENTED_AND_PROVEN,E12,query,CW-GR-029;CW-GR-030;CW-GR-030-U1,
CW-RT-028;CW-GR-029,POST /api/v8/case-workspace/process-versions/:processVersionId/propose,playService.proposeProcessVersion,requireOrgMember,process_version_id,NONE,PENDING,"playService.ts|server/migrations/20260809_case_workspace_plays.sql|server/src/services/caseWorkspace/__tests__/playService.pg.test.ts (existing functional test, row-level coverage not verified by Stream E)|server/src/services/caseWorkspace/__tests__/security/playService.security.pg.test.ts (Stream E adversarial spec, written not yet run — see file header)",IMPLEMENTED_AND_PROVEN,E12,command,CW-RT-028;CW-RT-028-U1;CW-GR-029,
CW-RT-014;CW-GR-030,POST /api/v8/case-workspace/process-versions/:processVersionId/review,playService.reviewProcessVersion,requireOrgMember,process_version_id,NONE,PENDING,"playService.ts|server/migrations/20260809_case_workspace_plays.sql|server/src/services/caseWorkspace/__tests__/playService.pg.test.ts (existing functional test, row-level coverage not verified by Stream E)|server/src/services/caseWorkspace/__tests__/security/playService.security.pg.test.ts (Stream E adversarial spec, written not yet run — see file header)",IMPLEMENTED_AND_PROVEN,E12,command,CW-RT-014;CW-RT-014-U1;CW-GR-030;CW-GR-030-U1,no self-review prohibition (accepted gap)
CW-RT-014;CW-RT-028;CW-RT-029;CW-GR-029;CW-GR-030,POST /api/v8/case-workspace/process-versions/:processVersionId/publish,playService.publishProcessVersion,requireOrgMember,process_version_id,NONE,PENDING,"playService.ts|server/migrations/20260809_case_workspace_plays.sql|server/src/services/caseWorkspace/__tests__/playService.pg.test.ts (existing functional test, row-level coverage not verified by Stream E)|server/src/services/caseWorkspace/__tests__/security/playService.security.pg.test.ts (Stream E adversarial spec, written not yet run — see file header)",IMPLEMENTED_AND_PROVEN,E12,command,CW-RT-014;CW-RT-014-U1;CW-RT-028;CW-RT-028-U1;CW-RT-029;CW-RT-029-U1;CW-GR-029;CW-GR-030;CW-GR-030-U1,"multiple PUBLISHED versions may coexist, no SUPERSEDED state (deliberate divergence from CasePlanVersion)"
CW-RT-028;CW-RT-029,POST /api/v8/case-workspace/process-versions/:processVersionId/deprecate,playService.deprecateProcessVersion,NONE-INTERNAL-ONLY (service fn itself has no auth call; route's requireOwnOrgVersion gates the version first),process_version_id,NONE,PENDING,"playService.ts|server/migrations/20260809_case_workspace_plays.sql|server/src/services/caseWorkspace/__tests__/playService.pg.test.ts (existing functional test, row-level coverage not verified by Stream E)|server/src/services/caseWorkspace/__tests__/security/playService.security.pg.test.ts (Stream E adversarial spec, written not yet run — see file header)",IMPLEMENTED_AND_PROVEN,E12,command,CW-RT-028;CW-RT-028-U1;CW-RT-029;CW-RT-029-U1,
CW-RT-028;CW-RT-029,POST /api/v8/case-workspace/process-versions/:processVersionId/archive,playService.archiveProcessVersion,NONE-INTERNAL-ONLY (service fn itself has no auth call; route's requireOwnOrgVersion gates the version first),process_version_id,NONE,PENDING,"playService.ts|server/migrations/20260809_case_workspace_plays.sql|server/src/services/caseWorkspace/__tests__/playService.pg.test.ts (existing functional test, row-level coverage not verified by Stream E)|server/src/services/caseWorkspace/__tests__/security/playService.security.pg.test.ts (Stream E adversarial spec, written not yet run — see file header)",IMPLEMENTED_AND_PROVEN,E12,command,CW-RT-028;CW-RT-028-U1;CW-RT-029;CW-RT-029-U1,
CW-RT-014;CW-RT-029,POST /api/v8/case-workspace/process-versions/:processVersionId/instantiate,playService.instantiateProcessVersion,"requireOrgMember (via internal getProcessVersion call, reached first);requireCaseAccess (own explicit call)","process_version_id (reads) -> case_plan_version_id (creates, via casePlanVersionService.createPlanDraft)",NONE,PENDING,"playService.ts|server/migrations/20260809_case_workspace_plays.sql|server/src/services/caseWorkspace/__tests__/playService.pg.test.ts (existing functional test, row-level coverage not verified by Stream E)|server/src/services/caseWorkspace/__tests__/security/playService.security.pg.test.ts (Stream E adversarial spec, written not yet run — see file header)",IMPLEMENTED_AND_PROVEN,E12,command,CW-RT-014;CW-RT-014-U1;CW-RT-029;CW-RT-029-U1,"AUTH NUANCE (Stream E finding, originally verified 2026-08-10) — CLOSED by Stream A: instantiateProcessVersion now opens with `await requireCaseAccess(actorUserId, targetCaseId);` (actor-authorization) in addition to the pre-existing 44769e6bc9 resource-to-resource organization_id-consistency check. It also now calls `getProcessVersion(id, actorUserId)` first, which itself requires org membership on the Play's organization — so a zero-standing actor is denied even earlier (code 'not_org_member') than the requireCaseAccess call. See security/playService.security.pg.test.ts test (B) 'GAP CLOSED... ZERO standing' for a concrete proof."
CW-RT-024;CW-RT-025;CW-00-016;CW-00-020-INV4;CW-01-OD7;CW-01-015;CW-RT-013;CW-RT-054;CW-RT-063;CW-RT-043;CW-GR-033;CW-01-029;CW-CANON-04;CW-DOD-A5,POST /api/v8/case-workspace/cases/:caseId/artifact-links,artifactLinkService.linkArtifactToCase,requireCaseAccess,link_id (new),NONE,PENDING,"artifactLinkService.ts|server/migrations/20260809_case_workspace_artifact_links.sql|server/src/services/caseWorkspace/__tests__/artifactLinkService.pg.test.ts (existing functional test, row-level coverage not verified by Stream E)|server/src/services/caseWorkspace/__tests__/security/artifactLinkService.security.pg.test.ts (Stream E adversarial spec, written not yet run — see file header)",IMPLEMENTED_AND_PROVEN,E10,command,CW-RT-024;CW-RT-024-U1;CW-RT-025;CW-RT-025-U1;CW-00-016;CW-00-020-INV4;CW-00-020-INV4-U1;CW-01-OD7;CW-01-015;CW-RT-013;CW-RT-013-U1;CW-RT-054;CW-RT-063;CW-RT-043;CW-GR-033;CW-01-029;CW-CANON-04;CW-DOD-A5,"stores typed pointer only, no artifact content copy"
CW-RT-024;CW-RT-025;CW-RT-043;CW-GR-033;CW-01-026-INV9,POST /api/v8/case-workspace/artifact-links/:linkId/pin,artifactLinkService.pinArtifactRevision,requireCaseAccess,link_id,NONE,PENDING,"artifactLinkService.ts|server/migrations/20260809_case_workspace_artifact_links.sql|server/src/services/caseWorkspace/__tests__/artifactLinkService.pg.test.ts (existing functional test, row-level coverage not verified by Stream E)|server/src/services/caseWorkspace/__tests__/security/artifactLinkService.security.pg.test.ts (Stream E adversarial spec, written not yet run — see file header)",IMPLEMENTED_AND_PROVEN,E10,command,CW-RT-024;CW-RT-024-U1;CW-RT-025;CW-RT-025-U1;CW-RT-043;CW-GR-033;CW-01-026-INV9;CW-01-026-INV9-U1,"appends to revision_pin_history, never silently overwrites"
CW-01-026-INV9;CW-RT-025;CW-DOD-B5,POST /api/v8/case-workspace/artifact-links/:linkId/mark-stale,artifactLinkService.markLinkStale,requireCaseAccess,link_id,NONE,PENDING,"artifactLinkService.ts|server/migrations/20260809_case_workspace_artifact_links.sql|server/src/services/caseWorkspace/__tests__/artifactLinkService.pg.test.ts (existing functional test, row-level coverage not verified by Stream E)|server/src/services/caseWorkspace/__tests__/security/artifactLinkService.security.pg.test.ts (Stream E adversarial spec, written not yet run — see file header)",IMPLEMENTED_AND_PROVEN,E10,command,CW-01-026-INV9;CW-01-026-INV9-U1;CW-RT-025;CW-RT-025-U1;CW-DOD-B5,"free-text reason only, no severity/urgency scale"
CW-03-017;CW-RT-025,POST /api/v8/case-workspace/artifact-links/:linkId/mark-unavailable,artifactLinkService.markLinkArtifactUnavailable,requireCaseAccess,link_id,NONE,PENDING,"artifactLinkService.ts|server/migrations/20260809_case_workspace_artifact_links.sql|server/src/services/caseWorkspace/__tests__/artifactLinkService.pg.test.ts (existing functional test, row-level coverage not verified by Stream E)|server/src/services/caseWorkspace/__tests__/security/artifactLinkService.security.pg.test.ts (Stream E adversarial spec, written not yet run — see file header)",IMPLEMENTED_AND_PROVEN,E10,command,CW-03-017;CW-RT-025;CW-RT-025-U1,"no named route in CW-GR-033's route catalog (accepted gap in the catalog, not the design)"
CW-RT-025;CW-RT-054;CW-GR-033;CW-RT-043,DELETE /api/v8/case-workspace/artifact-links/:linkId,artifactLinkService.unlinkArtifactFromCase,requireCaseAccess,link_id,NONE,PENDING,"artifactLinkService.ts|server/migrations/20260809_case_workspace_artifact_links.sql|server/src/services/caseWorkspace/__tests__/artifactLinkService.pg.test.ts (existing functional test, row-level coverage not verified by Stream E)|server/src/services/caseWorkspace/__tests__/security/artifactLinkService.security.pg.test.ts (Stream E adversarial spec, written not yet run — see file header)",IMPLEMENTED_AND_PROVEN,E10,command,CW-RT-025;CW-RT-025-U1;CW-RT-054;CW-GR-033;CW-RT-043,"UPDATE to link_status only, never a SQL DELETE"
CW-RT-024,GET /api/v8/case-workspace/artifact-links/:linkId,artifactLinkService.getArtifactLink,requireCaseAccess,link_id,NONE,PENDING,"artifactLinkService.ts|server/migrations/20260809_case_workspace_artifact_links.sql|server/src/services/caseWorkspace/__tests__/artifactLinkService.pg.test.ts (existing functional test, row-level coverage not verified by Stream E)|server/src/services/caseWorkspace/__tests__/security/artifactLinkService.security.pg.test.ts (Stream E adversarial spec, written not yet run — see file header)",IMPLEMENTED_AND_PROVEN,E10,query,CW-RT-024;CW-RT-024-U1,
CW-RT-024;CW-GR-033;CW-02-031;CW-03-017;CW-01-004,GET /api/v8/case-workspace/cases/:caseId/artifact-links,artifactLinkService.listArtifactLinksForCase,requireCaseAccess,case_id,NONE,PENDING,"artifactLinkService.ts|server/migrations/20260809_case_workspace_artifact_links.sql|server/src/services/caseWorkspace/__tests__/artifactLinkService.pg.test.ts (existing functional test, row-level coverage not verified by Stream E)|server/src/services/caseWorkspace/__tests__/security/artifactLinkService.security.pg.test.ts (Stream E adversarial spec, written not yet run — see file header)",IMPLEMENTED_AND_PROVEN,E10,query,CW-RT-024;CW-RT-024-U1;CW-GR-033;CW-02-031;CW-03-017;CW-01-004,
CW-01-026-INV9;CW-02-031,GET /api/v8/case-workspace/cases/:caseId/artifact-links/digest,artifactLinkService.computeArtifactLinkSetDigest,requireCaseAccess,case_id,NONE,PENDING,"artifactLinkService.ts|server/migrations/20260809_case_workspace_artifact_links.sql|server/src/services/caseWorkspace/__tests__/artifactLinkService.pg.test.ts (existing functional test, row-level coverage not verified by Stream E)|server/src/services/caseWorkspace/__tests__/security/artifactLinkService.security.pg.test.ts (Stream E adversarial spec, written not yet run — see file header)",IMPLEMENTED_AND_PROVEN,E10,query,CW-01-026-INV9;CW-01-026-INV9-U1;CW-02-031,"scoped to this table's own ACTIVE rows only, cannot read artifact content in other modules"
CW-GR-037;CW-GR-009,POST /api/v8/case-workspace/runs/:runId/gateway-evaluations,executionGraphService.recordGatewayEvaluation,requireCaseAccess,"node_run_id (PRIMARY KEY, new)",NONE,PENDING,"executionGraphService.ts|server/migrations/20260809_case_workspace_execution_graph.sql|server/src/services/caseWorkspace/__tests__/executionGraphService.pg.test.ts (existing functional test, row-level coverage not verified by Stream E)",IMPLEMENTED_AND_PROVEN,E9,command,CW-GR-037;CW-GR-037-U1;CW-GR-009;CW-GR-009-U1,"opaque unenforced TEXT node_run_id, no FK (no canonical NodeRun table exists)"
CW-GR-037,GET /api/v8/case-workspace/gateway-evaluations/:nodeRunId,executionGraphService.getGatewayEvaluation,requireCaseAccess,node_run_id,NONE,PENDING,"executionGraphService.ts|server/migrations/20260809_case_workspace_execution_graph.sql|server/src/services/caseWorkspace/__tests__/executionGraphService.pg.test.ts (existing functional test, row-level coverage not verified by Stream E)",IMPLEMENTED_AND_PROVEN,E9,query,CW-GR-037;CW-GR-037-U1,
CW-GR-037,GET /api/v8/case-workspace/runs/:runId/gateway-evaluations,executionGraphService.listGatewayEvaluationsForRun,requireCaseAccess,run_id,NONE,PENDING,"executionGraphService.ts|server/migrations/20260809_case_workspace_execution_graph.sql|server/src/services/caseWorkspace/__tests__/executionGraphService.pg.test.ts (existing functional test, row-level coverage not verified by Stream E)",IMPLEMENTED_AND_PROVEN,E9,query,CW-GR-037;CW-GR-037-U1,
CW-GR-037,GET /api/v8/case-workspace/cases/:caseId/gateway-evaluations,executionGraphService.listGatewayEvaluationsForCase,requireCaseAccess,case_id,NONE,PENDING,"executionGraphService.ts|server/migrations/20260809_case_workspace_execution_graph.sql|server/src/services/caseWorkspace/__tests__/executionGraphService.pg.test.ts (existing functional test, row-level coverage not verified by Stream E)",IMPLEMENTED_AND_PROVEN,E9,query,CW-GR-037;CW-GR-037-U1,
CW-RT-037;CW-GR-009;CW-RT-035,POST /api/v8/case-workspace/runs/:runId/node-result-acceptances,executionGraphService.recordNodeResultAcceptance,requireCaseAccess,"node_run_id (PRIMARY KEY, new)",NONE,PENDING,"executionGraphService.ts|server/migrations/20260809_case_workspace_execution_graph.sql|server/src/services/caseWorkspace/__tests__/executionGraphService.pg.test.ts (existing functional test, row-level coverage not verified by Stream E)",IMPLEMENTED_AND_PROVEN,E9,command,CW-RT-037;CW-RT-037-U1;CW-GR-009;CW-GR-009-U1;CW-RT-035;CW-RT-035-U1,"fact-recording only, not an execution engine (does not decide gateway truth)"
CW-RT-037,GET /api/v8/case-workspace/node-result-acceptances/:nodeRunId,executionGraphService.getNodeResultAcceptance,requireCaseAccess,node_run_id,NONE,PENDING,"executionGraphService.ts|server/migrations/20260809_case_workspace_execution_graph.sql|server/src/services/caseWorkspace/__tests__/executionGraphService.pg.test.ts (existing functional test, row-level coverage not verified by Stream E)",IMPLEMENTED_AND_PROVEN,E9,query,CW-RT-037;CW-RT-037-U1,
CW-RT-037;CW-RT-035,GET /api/v8/case-workspace/runs/:runId/node-result-acceptances,executionGraphService.listNodeResultAcceptancesForRun,requireCaseAccess,run_id,NONE,PENDING,"executionGraphService.ts|server/migrations/20260809_case_workspace_execution_graph.sql|server/src/services/caseWorkspace/__tests__/executionGraphService.pg.test.ts (existing functional test, row-level coverage not verified by Stream E)",IMPLEMENTED_AND_PROVEN,E9,query,CW-RT-037;CW-RT-037-U1;CW-RT-035;CW-RT-035-U1,
CW-RT-037,GET /api/v8/case-workspace/cases/:caseId/node-result-acceptances,executionGraphService.listNodeResultAcceptancesForCase,requireCaseAccess,case_id,NONE,PENDING,"executionGraphService.ts|server/migrations/20260809_case_workspace_execution_graph.sql|server/src/services/caseWorkspace/__tests__/executionGraphService.pg.test.ts (existing functional test, row-level coverage not verified by Stream E)",IMPLEMENTED_AND_PROVEN,E9,query,CW-RT-037;CW-RT-037-U1,
CW-DOD-J1;CW-DOD-J3,POST /api/v8/case-workspace/flags/definitions,migrationReadinessService.registerFlagDefinition,requireOrgRole(ADMIN),flag_key (new),NONE,PENDING,"migrationReadinessService.ts|server/migrations/20260809_case_workspace_migration_readiness.sql|server/src/services/caseWorkspace/__tests__/migrationReadinessService.pg.test.ts (existing functional test, row-level coverage not verified by Stream E)",IMPLEMENTED_AND_PROVEN,E13,command,CW-DOD-J1;CW-DOD-J1-U1;CW-DOD-J3;CW-DOD-J3-U1,default_enabled CHECK forbids TRUE at definition time
CW-DOD-J3,GET /api/v8/case-workspace/flags/definitions/:flagKey,migrationReadinessService.getFlagDefinition,requireOrgMember,flag_key,NONE,PENDING,"migrationReadinessService.ts|server/migrations/20260809_case_workspace_migration_readiness.sql|server/src/services/caseWorkspace/__tests__/migrationReadinessService.pg.test.ts (existing functional test, row-level coverage not verified by Stream E)",IMPLEMENTED_AND_PROVEN,E13,query,CW-DOD-J3;CW-DOD-J3-U1,
CW-DOD-J3,GET /api/v8/case-workspace/flags/definitions/:flagKey/children,migrationReadinessService.listFlagChildren,requireOrgMember,flag_key (parent),NONE,PENDING,"migrationReadinessService.ts|server/migrations/20260809_case_workspace_migration_readiness.sql|server/src/services/caseWorkspace/__tests__/migrationReadinessService.pg.test.ts (existing functional test, row-level coverage not verified by Stream E)",IMPLEMENTED_AND_PROVEN,E13,query,CW-DOD-J3;CW-DOD-J3-U1,
CW-DOD-J3,GET /api/v8/case-workspace/flags/definitions/:flagKey/descendants,migrationReadinessService.listFlagDescendants,requireOrgMember,flag_key (parent),NONE,PENDING,"migrationReadinessService.ts|server/migrations/20260809_case_workspace_migration_readiness.sql|server/src/services/caseWorkspace/__tests__/migrationReadinessService.pg.test.ts (existing functional test, row-level coverage not verified by Stream E)",IMPLEMENTED_AND_PROVEN,E13,query,CW-DOD-J3;CW-DOD-J3-U1,
CW-DOD-J1,PUT /api/v8/case-workspace/flags/org-state/:flagKey,migrationReadinessService.setOrgFlagState,requireOrgRole(ADMIN),flag_key + organization_id,NONE,PENDING,"migrationReadinessService.ts|server/migrations/20260809_case_workspace_migration_readiness.sql|server/src/services/caseWorkspace/__tests__/migrationReadinessService.pg.test.ts (existing functional test, row-level coverage not verified by Stream E)",IMPLEMENTED_AND_PROVEN,E13,command,CW-DOD-J1;CW-DOD-J1-U1,"absence of a row always reads disabled (no zero-rows-means-enabled fallback, unlike v8_feature_flags' documented weakness)"
CW-DOD-J1,GET /api/v8/case-workspace/flags/org-state/:flagKey,migrationReadinessService.getCurrentOrgFlagState,requireOrgMember,flag_key + organization_id,NONE,PENDING,"migrationReadinessService.ts|server/migrations/20260809_case_workspace_migration_readiness.sql|server/src/services/caseWorkspace/__tests__/migrationReadinessService.pg.test.ts (existing functional test, row-level coverage not verified by Stream E)",IMPLEMENTED_AND_PROVEN,E13,query,CW-DOD-J1;CW-DOD-J1-U1,
CW-DOD-J2,GET /api/v8/case-workspace/flags/org-state,migrationReadinessService.listCurrentOrgFlags,requireOrgMember,organization_id,NONE,PENDING,"migrationReadinessService.ts|server/migrations/20260809_case_workspace_migration_readiness.sql|server/src/services/caseWorkspace/__tests__/migrationReadinessService.pg.test.ts (existing functional test, row-level coverage not verified by Stream E)",PARTIAL,E13,query,CW-DOD-J2;CW-DOD-J2-U1,
CW-DOD-J1;CW-DOD-J2,PENDING_STREAM_B,migrationReadinessService.isFlagEnabledForEntity,NONE-INTERNAL-ONLY,flag_key (pure fn over already-fetched state),NONE,PENDING,"migrationReadinessService.ts|server/migrations/20260809_case_workspace_migration_readiness.sql|server/src/services/caseWorkspace/__tests__/migrationReadinessService.pg.test.ts (existing functional test, row-level coverage not verified by Stream E)",IMPLEMENTED_AND_PROVEN,E13,query,CW-DOD-J1;CW-DOD-J1-U1;CW-DOD-J2;CW-DOD-J2-U1,no DB access itself
CW-DOD-J3,GET /api/v8/case-workspace/flags/org-state/:flagKey/smallest-enabled-descendant,migrationReadinessService.findSmallestEnabledDescendant,requireOrgMember,flag_key,NONE,PENDING,"migrationReadinessService.ts|server/migrations/20260809_case_workspace_migration_readiness.sql|server/src/services/caseWorkspace/__tests__/migrationReadinessService.pg.test.ts (existing functional test, row-level coverage not verified by Stream E)",IMPLEMENTED_AND_PROVEN,E13,query,CW-DOD-J3;CW-DOD-J3-U1,
CW-DOD-J3;CW-DOD-J4,POST /api/v8/case-workspace/flags/org-state/:flagKey/rollback,migrationReadinessService.rollbackFlag,requireOrgRole(ADMIN) (via setOrgFlagState),flag_key + organization_id,NONE,PENDING,"migrationReadinessService.ts|server/migrations/20260809_case_workspace_migration_readiness.sql|server/src/services/caseWorkspace/__tests__/migrationReadinessService.pg.test.ts (existing functional test, row-level coverage not verified by Stream E)",IMPLEMENTED_AND_PROVEN,E13,command,CW-DOD-J3;CW-DOD-J3-U1;CW-DOD-J4,
CW-DOD-J5,POST /api/v8/case-workspace/legacy-quarantine,migrationReadinessService.recordQuarantinedLegacyRecord,requireOrgMember,quarantine_id (new),NONE,PENDING,"migrationReadinessService.ts|server/migrations/20260809_case_workspace_migration_readiness.sql|server/src/services/caseWorkspace/__tests__/migrationReadinessService.pg.test.ts (existing functional test, row-level coverage not verified by Stream E)",IMPLEMENTED_AND_PROVEN,E13,command,CW-DOD-J5;CW-DOD-J5-U1,append-only ledger; migration/rehearsal SCRIPT that calls this is out of scope
CW-DOD-J5,GET /api/v8/case-workspace/legacy-quarantine/:quarantineId,migrationReadinessService.getQuarantinedLegacyRecord,"requireOrgMember (service checks only org membership on caller's own org, not that the record itself belongs to it — route adds an explicit organizationId match + enumeration-safe 404, see route file's own KNOWN GAP note)",quarantine_id,NONE,PENDING,"migrationReadinessService.ts|server/migrations/20260809_case_workspace_migration_readiness.sql|server/src/services/caseWorkspace/__tests__/migrationReadinessService.pg.test.ts (existing functional test, row-level coverage not verified by Stream E)",IMPLEMENTED_AND_PROVEN,E13,query,CW-DOD-J5;CW-DOD-J5-U1,
CW-DOD-J5;CW-DOD-J6,GET /api/v8/case-workspace/legacy-quarantine/rehearsal-runs/:rehearsalRunId,migrationReadinessService.listQuarantinedLegacyRecordsForRehearsalRun,"requireOrgRole(ADMIN) (stopgap — service has no organizationId-scoped filter on this read yet; route also post-filters the result by organizationId, see route file's own KNOWN GAP note)",rehearsal_run_id,NONE,PENDING,"migrationReadinessService.ts|server/migrations/20260809_case_workspace_migration_readiness.sql|server/src/services/caseWorkspace/__tests__/migrationReadinessService.pg.test.ts (existing functional test, row-level coverage not verified by Stream E)",IMPLEMENTED_AND_PROVEN,E13,query,CW-DOD-J5;CW-DOD-J5-U1;CW-DOD-J6,
CW-DOD-J5,GET /api/v8/case-workspace/legacy-quarantine/source/:sourceTable/:sourceId,migrationReadinessService.listQuarantinedLegacyRecordsForSource,"requireOrgRole(ADMIN) (stopgap — service has no organizationId-scoped filter on this read yet; route also post-filters the result by organizationId, see route file's own KNOWN GAP note)",source_table + source_id (filter),NONE,PENDING,"migrationReadinessService.ts|server/migrations/20260809_case_workspace_migration_readiness.sql|server/src/services/caseWorkspace/__tests__/migrationReadinessService.pg.test.ts (existing functional test, row-level coverage not verified by Stream E)",IMPLEMENTED_AND_PROVEN,E13,query,CW-DOD-J5;CW-DOD-J5-U1,
CW-DOD-J6,GET /api/v8/case-workspace/legacy-quarantine/rehearsal-runs/:rehearsalRunId/counts,migrationReadinessService.countQuarantinedByReasonCode,"requireOrgRole(ADMIN) (stopgap — service has no organizationId-scoped filter on this read yet; a pure GROUP BY count has no rows to post-filter, see route file's own KNOWN GAP note)",rehearsal_run_id,NONE,PENDING,"migrationReadinessService.ts|server/migrations/20260809_case_workspace_migration_readiness.sql|server/src/services/caseWorkspace/__tests__/migrationReadinessService.pg.test.ts (existing functional test, row-level coverage not verified by Stream E)",NOT_IMPLEMENTED,E13,query,CW-DOD-J6,
