,Plant Balanced Scorecard,,,,,,,,,,,,,,,,,,,,,,,,Edycja,,01,
,,Zakład :,,,,,,,,,,,,,Rok,,2024,,,2026-09-05 00:00:00,,Przygotowany przez,,,,,,
,,,,,,,,,,,,,,,Data rewizji,,,,,,,,,,,,,
N,,,,,,,,,,,,,,,,,,,,,,,,,,,,
MD,MT,OBSZAR,,WSKAŹNIK,,,Jednostka,Częstotliwość,Typ wskaźnika,Odpowiedzialność,,BENCHMARK  TYC/SKA,DOPUSZCZALNE LIMITY [%],2024,2023-01-01 00:00:00,2024-02-01 00:00:00,2024-03-01 00:00:00,2024-04-01 00:00:00,2024-05-01 00:00:00,2024-06-01 00:00:00,2024-07-01 00:00:00,2024-08-01 00:00:00,2024-09-01 00:00:00,2024-10-01 00:00:00,2024-11-01 00:00:00,2024-12-01 00:00:00,YTD,
,,,,,Metoda liczenia,Definicja,,,,,,,,CEL REZULTAT,,,,,,,,,,,,,,
GD (SALES),SPRZEDAŻ,SALES DIRECTOR,,WIELKOŚĆ SPRZEDAŻY NETTO,Wielkość sprzedaży netto = Przychody brutto − Rabaty − Zwroty − Skonta Bezpośrednio ze sprawozdań finansowych,"Wielkość sprzedaży netto odnosi się do całkowitych przychodów ze sprzedaży produktów lub usług po odjęciu wszelkich rabatów, zwrotów i skont. Jest to miara efektywności sprzedaży i pokazuje, ile firma zarobiła na sprzedaży po uwzględnieniu zniżek i korekt.",min.,Miesiąc,Rozliczeniowy,Sprzedaż,,,,CEL,,,,,,,,,,,,,,
,,,,,,,LC/1000,,,,,,,Rezultat,,,,,,,,,,,,,,
,,,,WIELKOŚĆ SPRZEDAŻY NETTO (eksport),"j.w., dla sprzedaży eksportowej","Jak wyżej, dla eksportu",min.,Miesiąc,Rozliczeniowy,,,,,CEL,,,,,,,,,,,,,,
,,,,,,,LC/1000,,,,,,,Rezultat,,,,,,,,,,,,,,
,,,,WIELKOŚĆ SPRZEDAŻY NETTO (kraj),"j.w., dla sprzedaży krajowej","Jak wyżej, dla sprzedaży krajowej",min.,Miesiąc,Rozliczeniowy,,,,,CEL,,,,,,,,,,,,,,
,,,,,,,LC/1000,,,,,,,Rezultat,,,,,,,,,,,,,,
,,,,WIELKOŚĆ SPRZEDAŻY NETTO (narastająco),"j.w., narastająco",Jak wyżej,min.,Miesiąc narastająco,Rozliczeniowy,Sprzedaż,,,,CEL,,,,,,,,,,,,,,
,,,,,,,LC/1000,,,,,,,Rezultat,,,,,,,,,,,,,,
,,,,WIELKOŚĆ SPRZEDAŻY NETTO (w odniesieniu do budżetu),WIELKOŚĆ SPRZEDAŻY NETTO (w odniesieniu do budżetu) = Sprzedaż rzeczywista / Sprzedaż netto budżetowana x100%,"Wskaźnik, który mierzy, jak dobrze rzeczywista sprzedaż netto realizuje założenia budżetowe. Jest to wskaźnik wykorzystywany do oceny skuteczności zarządzania sprzedażą w kontekście zaplanowanych celów finansowych.",min.,Miesiąc,Rozliczeniowy,Sprzedaż,,,,CEL,,,,,,,,,,,,,,
,,,,,,,%,,,,,,,Rezultat,,,,,,,,,,,,,,
,,,,WIELKOŚĆ SPRZEDAŻY NETTO (w odniesieniu do prognozy),WIELKOŚĆ SPRZEDAŻY NETTO (w odniesieniu do prognozy) = Sprzedaż rzeczywista / Sprzedaż netto prognozowana x100%,"Wskaźnik, który mierzy, jak dobrze rzeczywista sprzedaż netto realizuje założenia prognozy. Jest to wskaźnik wykorzystywany do oceny skuteczności zarządzania sprzedażą w kontekście zaplanowanych celów finansowych.",min.,Miesiąc,Rozliczeniowy,Sprzedaż,,,,CEL,,,,,,,,,,,,,,
,,,,,,,LC/1000,,,,,,,Rezultat,,,,,,,,,,,,,,
,,,,LICZBA NOWYCH WOLUMENÓW (BEZ MODYFIKACJI OBECNYCH),"Kryterium ""nowego wolumenu"" - produkt który został wprowadzony na rynek po raz pierwszy w danym okresie i nie jest modyfikacją istniejącego produktu (np. nowe warianty kolorystyczne, wersje rozwojowe produktu, itp. nie są uwzględniane)","Liczba sprzedanych nowych wolumenów odnosi się do liczby nowych produktów po raz pierwszy w danym okresie, które nie są modyfikacjami ani ulepszeniami istniejących produktów. Ten wskaźnik koncentruje się na innowacyjnych lub zupełnie nowych propozycjach wartości w ofercie firmy, będących wynikiem rozwoju nowych produktów lub usług.",min.,Miesiąc,Informacyjny,Sprzedaż,,,,CEL,,,,,,,,,,,,,,
,,,,,,,[szt.],,,,,,,Rezultat,,,,,,,,,,,,,,
,,,,LICZBA NOWYCH KLIENTÓW,"Liczba nowych klientów = Liczba unikalnych klient ów w okresie − Liczba klientów już istniejących  Kryterium ""nowego klienta"" - Klient, który dokonał pierwszego zakupu w danym okresie i nie figurował wcześniej w bazie klientów.","Wskaźnik określający liczbę unikalnych klientów, którzy po raz pierwszy dokonali zakupu lub skorzystali z usług firmy w określonym okresie czasu. Jest to kluczowy wskaźnik w perspektywie klienta w ramach Balanced Scorecard (BSC), który odzwierciedla zdolność firmy do pozyskiwania nowych odbiorców swoich produktów lub usług.",max.,Miesiąc,Informacyjny,Sprzedaż,,,,CEL,,,,,,,,,,,,,,
,,,,,,,[szt.],,,,,,,Rezultat,,,,,,,,,,,,,,
,,RSM/KAM,,WIELKOŚĆ SPRZEDAŻY (indywidualna),Wielkość sprzedaży indywidualna = Całkowita wartość sprzedaży przypisana do indywidualnego klienta/produktu/usługi,"Sprzedaż indywidualna odnosi się do wielkości sprzedaży powiązanej z określonym klientem, produktem lub usługą.",min. ,Miesiąc,Rozliczeniowy,Sprzedaż,,,,CEL,,,,,,,,,,,,,,
,,,,,,,m2,,,,,,,Rezultat,,,,,,,,,,,,,,
,,,,ŚREDNIA MARŻA,Średnia marża = (Przychody ze sprzedaży - Koszty sprzedaży) / Przychody ze sprzedaży × 100,"Średnia marża to różnica między przychodami ze sprzedaży a kosztami sprzedaży, wyrażona procentowo.",max.,Miesiąc,Rozliczeniowy,Sprzedaż,,,,CEL,,,,,,,,,,,,,,
,,,,,,,%,,,,,,,Rezultat,,,,,,,,,,,,,,
,,,,LICZBA NOWYCH WOLUMENÓW (BEZ MODYFIKACJI OBECNYCH),Liczba nowych wolumenów = Liczba nowych produktów lub usług wprowadzonych do sprzedaży w danym okresie,"Liczba nowych wolumenów to liczba nowych produktów lub usług wprowadzonych na rynek, bez modyfikacji istniejących.",min.,Miesiąc,Informacyjny,,,,,CEL,,,,,,,,,,,,,,
,,,,,,,[m2],,,,,,,Rezultat,,,,,,,,,,,,,,
,,,,POZIOM OTWARTYCH ZAMÓWIEŃ,Poziom otwartych zamówień = Łączna liczba zamówień niezrealizowanych w danym okresie,"Poziom otwartych zamówień mierzy liczbę zamówień klientów, które nie zostały jeszcze zrealizowane.",min.,Miesiąc,Rozliczeniowy,Sprzedaż,,,,CEL,,,,,,,,,,,,,,
,,,,,,,m2,,,,,,,Rezultat,,,,,,,,,,,,,,
,,,,PROCENT REFAKTUROWANIA NARZĘDZI,Procent refakturowania narzędzi = (Wartość narzędzi zrefakturowanych / Wartość wszystkich narzędzi) × 100,Procent refakturowania narzędzi mierzy udział narzędzi zrefakturowanych w stosunku do wszystkich używanych narzędzi.,min.,Miesiąc narastajaco,Rozliczeniowy,Sprzedaż,,,,CEL,,,,,,,,,,,,,,
,,,,,,,%,,,,,,,Rezultat,,,,,,,,,,,,,,
,,,,LICZBA NOWYCH KLIENTÓW,Liczba nowych klientów = Klienci pozyskani w danym okresie,wskaźnik mierzący ilość nowych klientów pozyskanych przez firmę w określonym czasie. Odzwierciedla zdolność firmy do przyciągania nowych odbiorców i poszerzania bazy klientów.,min,Miesiąc,Rozliczeniowy,Sprzedaż,,,,CEL,,,,,,,,,,,,,,
,,,,,,,szt.,,,,,,,Rezultat,,,,,,,,,,,,,,
,,CS,,POZIOM SATYSFAKCJI KLIENTÓW,"Nie ma uniwersalnego wzoru, jednak poziom satysfakcji klientów często mierzy się za pomocą ankiet (np. Net Promoter Score - NPS), które pytają klientów o ich poziom zadowolenia na skali punktowej.  NPS = %promotorów − %krytyków","wskaźnik mierzący stopień zadowolenia klientów z produktów, usług lub ogólnej współpracy z firmą. Jest to kluczowy wskaźnik jakości obsługi klienta i lojalności klientów wobec firmy.",min.,Kwartał,Rozliczeniowy,,,,,CEL,,,,,,,,,,,,,,
,,,,,,,%,,,,,,,Rezultat,,,,,,,,,,,,,,
,,,,STAN MAGAZYNU PALET (ŚREDNIA LICZBA PALET NIE WIĘCEJ NIŻ 5% POWYŻEJ LIMITU),Stan magazynu palet = Średnia liczba palet w magazynie / Ustalony limit palet ×100%,"wskaźnik logistyczny monitorujący, jak skutecznie firma utrzymuje zapasy palet w magazynie, zapewniając, że ich liczba nie przekracza ustalonego limitu o więcej niż 5%.",min.,Miesiąc,Rozliczeniowy,,,,,CEL,,,,,,,,,,,,,,
,,,,,,,szt.,,,,,,,Rezultat,,,,,,,,,,,,,,
,,,,NALEŻNOŚCI PRZETERMINOWANA POWYŻEJ 7 DNI,Należności przeterminowane powyżej 7 dni = Wartość przeterminowanych należności powyżej 7 dni / Całkowita wartość należności ×100%,"wskaźnik finansowy mierzący wartość zobowiązań klientów wobec firmy, które nie zostały uregulowane w ciągu 7 dni od ustalonego terminu płatności.",max.,Miesiąc,Rozliczeniowy,,,,,CEL,,,,,,,,,,,,,,
,,,,,,,LC/1000,,,,,,,Rezultat,,,,,,,,,,,,,,
,,DPW,,LICZBA WDROŻEŃ FTQ (PPP),FTQ = Liczba projekt ów wdrożonych bez poprawek / Całkowita liczba wdrożonych projektów ×100%,"wskaźnik mierzący liczbę projektów lub produktów, które zostały wdrożone z pełną zgodnością z wymogami jakościowymi już za pierwszym razem, bez konieczności poprawek czy dodatkowych działań.",min.,Miesiąc,Rozliczeniowy,Technologia,,,,CEL,,,,,,,,,,,,,,
,,,,,,,Liczba,,,,,,,Rezultat,,,,,,,,,,,,,,
,,,,LICZBA OPTYMALIZACJI PORTFOLIO KLIENTA (KAIZEN WEWN.),∑Zrealizowane inicjatywy optymalizacyjne w danym okresie,"wskaźnik mierzący liczbę wewnętrznych inicjatyw optymalizacyjnych, które mają na celu poprawę oferty lub obsługi klienta zgodnie z zasadami Kaizen – ciągłego doskonalenia. Wskaźnik ten monitoruje działania mające na celu zwiększenie efektywności, wartości oferty oraz zadowolenia klientów.",min.,Kwartał,Informacyjny,Technologia,,,,CEL,,,,,,,,,,,,,,
,,,,,,,szt.,,,,,,,Rezultat,,,,,,,,,,,,,,
,,,,Wielkość portfela zamówień,Wielkość portfela zamówień =∑wartość wszystkich otwartych zamówień,"wskaźnik mierzący łączną wartość, które firma posiada w danym okresie, ale jeszcze nie zostały zrealizowane. Jest to kluczowy wskaźnik prognozujący przyszłe przychody i poziom obciążenia produkcji lub logistyki.",min,Miesiąc,Rozliczeniowy,Sprzedaż,,,,CEL,,,,,,,,,,,,,,
,,,,,,,LC/1000,,,,,,,Rezultat,,,,,,,,,,,,,,
,,,,Wskaźnik book/bill,Wskaźnik book/bill = Wartość nowych zamówień / Wartość fakturowanych sprzedaży  ​,wskaźnik mierzący stosunek wartości nowych zamówień (bookings) do fakturowanych sprzedaży (billings) w danym okresie. Używany jest do oceny dynamiki sprzedaży oraz przyszłych perspektyw finansowych przedsiębiorstwa.,,Miesiąc,Rozliczeniowy,Sprzedaż,,,,CEL,,,,,,,,,,,,,,
,,,,,,,,,,,,,,Rezultat,,,,,,,,,,,,,,
,,,,Koszt sprzedaży do wielkości sprzedaży,Koszt sprzedaż y do wielkości sprzedaży = Koszt sprzedanych towarów (COGS) / Przychody ze sprzedaży ×100%,"wskaźnik finansowy określający, jaki procent przychodów ze sprzedaży stanowi koszt uzyskania tej sprzedaży (czyli koszt sprzedanych towarów lub usług - COGS). Używany jest do oceny rentowności działalności operacyjnej przedsiębiorstwa.",,Miesiąc,Rozliczeniowy,Sprzedaż,,,,CEL,,,,,,,,,,,,,,
,,,,,,,,,,,,,,Rezultat,,,,,,,,,,,,,,
,,,,Koszt wytworzenia/ Przychód,Koszt wytworzenia/Przychód = Koszt wytworzenia produktów / Przychód ze sprzedaży ×100%,"wskaźnik finansowy, który mierzy stosunek kosztów wytworzenia produktów lub usług (czyli kosztów operacyjnych związanych z produkcją) do uzyskanych przychodów ze sprzedaży tych produktów lub usług. Służy do oceny efektywności kosztowej przedsiębiorstwa.",,Miesiąc,Rozliczeniowy,Sprzedaż,,,,CEL,,,,,,,,,,,,,,
,,,,,,,,,,,,,,Rezultat,,,,,,,,,,,,,,
,,,,TERMINOWE FAKTUROWANIE (MAX 24H),Terminowe fakturowanie (%) = Liczba faktur wystawionych w ciągu 24h / Całkowita liczba faktur ×100%,"wskaźnik operacyjny mierzący, jak skutecznie firma wystawia faktury w ciągu maksymalnie 24 godzin od dostarczenia towaru lub zakończenia usługi. Służy do oceny efektywności procesów księgowych i fakturowania.",min,Miesiąc,Rozliczeniowy,Sprzedaż,,,,CEL,,,,,,,,,,,,,,
,,,,,,,%,,,,,,,Rezultat,,,,,,,,,,,,,,
,,,,Liczba błędów zgłaszanych przez klientów po wdrożeniu produktu,,"wskaźnik jakościowy mierzący ilość problemów, wad lub niezgodności zgłoszonych przez klientów po wprowadzeniu produktu na rynek lub jego implementacji. Służy do oceny jakości produktu oraz efektywności procesu wdrożenia.",max,Miesiąc,Rozliczeniowy,Sprzedaż,,,,CEL,,,,,,,,,,,,,,
,,,,,,,szt.,,,,,,,Rezultat,,,,,,,,,,,,,,
,,,,ŚREDNI CZAS REAKCJI NA OFERTĘ SPRZEDAŻOWĄ CZĘŚCI,,"wskaźnik operacyjny, który mierzy średni czas, jaki firma potrzebuje, aby odpowiedzieć na zapytanie ofertowe dotyczące sprzedaży części zamiennych lub komponentów. Wskaźnik ten odnosi się do efektywności obsługi klienta i sprzedaży.",max,Miesiąc,Rozliczeniowy,Sprzedaż,,,,CEL,,,,,,,,,,,,,,
,,,,,,,dni,,,,,,,Rezultat,,,,,,,,,,,,,,
,,,,LICZBA ZLECEŃ SERWISOWYCH,,"wskaźnik mierzący całkowitą liczbę zleceń serwisowych, które firma realizuje w danym okresie. Może obejmować zarówno zaplanowane działania konserwacyjne, jak i zlecenia wynikające z awarii lub problemów zgłoszonych przez klientów.",min,Miesiąc,Rozliczeniowy,Sprzedaż,,,,CEL,,,,,,,,,,,,,,
,,,,,,,szt.,,,,,,,Rezultat,,,,,,,,,,,,,,
,Growth Officer,,,KOSZTY CAPEX - SKUMULOWANA WARTOŚĆ,Skumulowane CAPEX = ∑(Wydatki inwestycyjne w danym okresie),"wskaźnik mierzący łączną kwotę wydatków inwestycyjnych (CAPEX) poniesionych przez firmę w określonym okresie, obejmujących zakup aktywów trwałych, takich jak sprzęt, nieruchomości czy infrastruktura.",max.,Narastająco,Informacyjny,,,,,CEL,,,,,,,,,,,,,,
,,,,,,,LC/1000,,,,,,,Rezultat,,,,,,,,,,,,,,
,,,,% REALIZACJI BUDŻETU INWESTYCYJNEGO - SKUMULOWANE,%Realizacji budżetu inwestycyjnego - skumulowane = (Skumulowane wydatki inwestycyjne / Skumulowany budżet inwestycyjny)×100,"wskaźnik pokazujący, w jakim stopniu skumulowane wydatki inwestycyjne (CAPEX) w danym okresie zostały zrealizowane w stosunku do skumulowanego budżetu inwestycyjnego.",max.,Miesiąc,Rozliczeniowy,,,,,CEL,,,,,,,,,,,,,,
,,,,,,,%,,,,,,,Rezultat,,,,,,,,,,,,,,
,,,,ROI PRE-INWESTYCYJNE,ROI pre-inwestycyjne =(Prognozowany zysk netto z inwestycji / Szacowane koszty inwestycji)×100,"wskaźnik szacujący spodziewany zwrot z inwestycji przed jej realizacją. Jego celem jest ocena potencjalnej opłacalności inwestycji, zanim zostaną poniesione wydatki.",min.,Kwatalny,Informacyjny,,,,,CEL,,,,,,,,,,,,,,
,,,,,,,lata,,,,,,,Rezultat,,,,,,,,,,,,,,
,,,,ROI POST-INWESTYCYJNE,ROI post-inwestycyjne =( Rzeczywisty zysk netto z inwestycji / Rzeczywisy koszty inwestycji )×100," wskaźnik mierzący rzeczywisty zwrot z inwestycji po jej zakończeniu, na podstawie uzyskanych wyników finansowych. Służy do oceny efektywności poniesionych wydatków inwestycyjnych w porównaniu do uzyskanych korzyści.",min.,Kwatalny,Informacyjny,,,,,CEL,,,,,,,,,,,,,,
,,,,,,,lata,,,,,,,Rezultat,,,,,,,,,,,,,,
,,,,LICZBA PROJEKTÓW INWESTYCYJNYCH,Liczba projektów inwestycyjnych,"wskaźnik mierzący całkowitą liczbę rozpoczętych, realizowanych lub zakończonych projektów inwestycyjnych w danym okresie. Obejmuje wszystkie projekty związane z rozwojem, zakupem aktywów trwałych lub modernizacją istniejących zasobów.",max.,Narastająco,Informacyjny,,,,,CEL,,,,,,,,,,,,,,
,,,,,,,szt.,,,,,,,Rezultat,,,,,,,,,,,,,,
,,,,% REALIZACJI PROJEKTÓW INWESTYCYJNYCH,%Realizacji projektów inwestycyjnych = (Liczba zakończonych projektów zgodnie z planem / Całkowita liczba projektów inwestycyjnych w danym okresie)×100,"wskaźnik mierzący, jaki procent rozpoczętych projektów inwestycyjnych zostało zakończonych zgodnie z założonymi terminami, budżetem i zakresem w danym okresie.",max.,Narastająco ,Rozliczeniowy,COO,,,,CEL,,,,,,,,,,,,,,
,,,,,,,%,,,,,,,Rezultat,,,,,,,,,,,,,,
,Product Manager,,,Marża brutto zarządzanej grupy produktowej,Marża brutto =(przychody ze sprzedaży - Koszty produkcji) /przychodzy ze sprzedaży x100%,"Wskaźnik ten mierzy rentowność zarządzanej grupy produktowej, wyrażoną jako różnica między przychodami ze sprzedaży a kosztem produkcji.",min.,Miesiąc,Rozliczeniowy,COO,,,,CEL,,,,,,,,,,,,,,
,,,,,,,%,,,,,,,Rezultat,,,,,,,,,,,,,,
,,,,Wskaźnik przychodu na grupę produktową,Revenue per Product = Całkowite przychody produktu,"Obrazuje, jak skutecznie produkt generuje przychody w porównaniu do planowanych założeń.",min.,Miesiąc,Rozliczeniowy,COO,,,,CEL,,,,,,,,,,,,,,
,,,,,,,LC/1000,,,,,,,Rezultat,,,,,,,,,,,,,,
,,,,Customer Acquisition Cos,CAC = Całkowite koszty marketingu i sprzedaży / Liczba po zyskanych klientów,(CAC): Koszt pozyskania nowego klienta dla produktu. Wskaźnik ten pomaga ocenić efektywność strategii marketingowych i sprzedażowych produktu.,max.,Miesiąc,Rozliczeniowy,COO,,,,CEL,,,,,,,,,,,,,,
,,,,,,,LC/1000,,,,,,,Rezultat,,,,,,,,,,,,,,
,,,,Czas wprowadzenia nowego produktu na rynek,Time to Market = Data wprowadzenia na rynek − Data rozpoczęcia projektu,"(Time to Market): Mierzy szybkość, z jaką zespół jest w stanie przejść od pomysłu do wdrożenia produktu na rynek. Krótszy czas wprowadzenia może być wskaźnikiem efektywnego zarządzania projektem.",max.,Miesiąc,Rozliczeniowy,COO,,,,CEL,,,,,,,,,,,,,,
,,,,,,,dni,,,,,,,Rezultat,,,,,,,,,,,,,,
,R&D,,,Koszt wdrożeń vs budżet,Koszt wdrożeń vs budżet =(Rzeczywisty koszt wdrożeń / Planowany budżet wdrożeń)×100,"wskaźnik porównujący rzeczywiste koszty związane z realizacją wdrożeń (np. projektów inwestycyjnych, technologicznych) z planowanym budżetem przeznaczonym na te wdrożenia. Wskaźnik ten służy do oceny efektywności finansowej wdrożeń.",max,Miesiąc,Rozliczeniowy,Sprzedaż,,,,CEL,,,,,,,,,,,,,,
,,,,,,,%,,,,,,,Rezultat,,,,,,,,,,,,,,
,,,,CAPEX,bezpośrednio z raportów finansowych,Narastająco realizacja CAPEX,max,Miesiąc,Rozliczeniowy,Sprzedaż,,,,CEL,,,,,,,,,,,,,,
,,,,,,,LC/1000,,,,,,,Rezultat,,,,,,,,,,,,,,
,,,,Wykonanie CAPEX,Wykonanie CAPEX = Rzeczywiste wydatki CAPEX / Zaplanowane wydatki CAPEX × 100%,"wskaźnik mierzący realizację planowanych nakładów inwestycyjnych (CAPEX) w stosunku do faktycznie poniesionych wydatków kapitałowych. CAPEX (Capital Expenditures) odnosi się do wydatków na nabycie lub modernizację długoterminowych aktywów firmy, takich jak budynki, maszyny czy technologie.",max,Miesiąc,Rozliczeniowy,Sprzedaż,,,,CEL,,,,,,,,,,,,,,
,,,,,,,%,,,,,,,Rezultat,,,,,,,,,,,,,,
,,,,Koszty R&D,,"wskaźnik finansowy, który mierzy wydatki firmy na badania i rozwój nowych produktów, technologii lub procesów. Odzwierciedla poziom inwestycji firmy w innowacje i rozwój nowych rozwiązań.",,,,Sprzedaż,,,,CEL,,,,,,,,,,,,,,
,,,,,,,,,,,,,,Rezultat,,,,,,,,,,,,,,
,,,,TPR Zaplanowane/ zrealizowane (JIRA),TPR = Liczba zrealizowanych zadań / Liczba zaplanowanych zadań x 100%,"wskaźnik mierzący stopień realizacji zadań w odniesieniu do planowanych zadań w systemie zarządzania projektami, takim jak JIRA. TPR (Task Performance Ratio) określa, jaka część zaplanowanych zadań została faktycznie zrealizowana w określonym czasie.",min,2 tygodnie,Rozliczeniowy,Sprzedaż,,,,CEL,,,,,,,,,,,,,,
,,,,,,,%,,,,,,,Rezultat,,,,,,,,,,,,,,
,Dyrektor Zakupy,,,REALIZACJA BUDŻETU ZAKUPÓW (W PODZIALE NA KATEGORIE) / WYDATKI SKONSOLIDOWANE,Realizacja budżetu zakupów = Rzeczywiste wydatki w kategorii/Planowane wydatki w kategorii × 100%,"wskaźnik finansowy mierzący, jak dobrze firma realizuje zaplanowany budżet zakupów w podziale na kategorie zakupowe, w odniesieniu do rzeczywistych, skonsolidowanych wydatków.",min. ,Miesiąc,Rozliczeniowy,Sprzedaż,,,,CEL,,,,,,,,,,,,,,
,,,,,,,%,,,,,,,Rezultat,,,,,,,,,,,,,,
,,,,OSZCZĘDNOŚCI ZAKUPOWE (% / wartość),Oszczędności zakupowe (%) =(Rzeczywisty koszt zakupów - Planowany koszt zakupów) / Planowany koszt zakupów ×100%,"wskaźnik finansowy mierzący procentowy udział zaoszczędzonych kosztów związanych z zakupem materiałów, surowców lub usług w stosunku do planowanego budżetu zakupowego.",min. ,Miesiąc,Rozliczeniowy,Sprzedaż,,,,CEL,,,,,,,,,,,,,,
,,,,,,,LC/1000,,,,,,,Rezultat,,,,,,,,,,,,,,
,,,,ROTACJA ZOBOWIĄZAŃ ,Rotacja zobowiązań = Zakupy od dostawców / Średnie zobowiązania handlowe,"wskaźnik finansowy mierzący, jak szybko przedsiębiorstwo reguluje swoje zobowiązania wobec dostawców. Pokazuje, ile razy w ciągu danego okresu firma spłaca swoje zobowiązania handlowe",max,Miesiąc,Rozliczeniowy,Sprzedaż,,,,CEL,,,,,,,,,,,,,,
,,,,,,,dni,,,,,,,Rezultat,,,,,,,,,,,,,,
,,,,WARTOŚĆ ZAPASÓW,bezpośrednio z raportów finansowych,"wskaźnik finansowy określający łączną wartość posiadanych przez firmę materiałów, surowców, produktów w toku oraz towarów gotowych do sprzedaży na dany moment.",min. ,Miesiąc,Rozliczeniowy,Sprzedaż,,,,CEL,,,,,,,,,,,,,,
,,,,,,,LC/1000,,,,,,,Rezultat,,,,,,,,,,,,,,
,,,,KONSUMPCJA MATERIAŁÓW,bezpośrednio z raportów finansowych,"wskaźnik finansowy mierzący wartość zużytych materiałów w procesie produkcji w danym okresie. Obejmuje surowce i materiały, które zostały przekształcone w produkty gotowe lub częściowo gotowe.",max.,Miesiąc,Rozliczeniowy,Sprzedaż,,,,CEL,,,,,,,,,,,,,,
,,,,,,,LC/1000,,,,,,,Rezultat,,,,,,,,,,,,,,
,,,,Terminowość obsługi zamówień,Terminowość obsługi zamówień = Liczba zamówień dostarczonych na czas / Całkowita liczba zamówień ×100%,"wskaźnik operacyjny mierzący, jaki procent zamówień jest realizowany zgodnie z ustalonymi terminami dostawy. Pokazuje, jak skutecznie firma spełnia zobowiązania wobec klientów w kontekście planowanej dostawy.",min,Miesiąc,Rozliczeniowy,Sprzedaż,,,,CEL,,,,,,,,,,,,,,
,,,,,,,%,,,,,,,Rezultat,,,,,,,,,,,,,,
,,,,TERMINOWOŚĆ DOSTAW (średnia),Terminowość dostaw (średnia) = (∑(Czas rzeczywisty dostawy−Czas planowany dostawy)) / Liczba dostaw ​,"wskaźnik operacyjny, który mierzy średni czas dostawy zamówień w stosunku do ustalonych terminów. Określa, jak dobrze firma dostosowuje się do planowanych harmonogramów dostaw, wskazując na efektywność logistyki i realizacji zamówień.",min,Miesiąc,Rozliczeniowy,Sprzedaż,,,,CEL,,,,,,,,,,,,,,
,,,,,,,dni,,,,,,,Rezultat,,,,,,,,,,,,,,
,,,,KOSZTY TRANSPORTU INBOUND,Koszty transportu inbound = Całkowity koszt transportu towarów do zakładu,"wskaźnik operacyjny mierzący łączny koszt transportu towarów, surowców lub komponentów od dostawców do zakładu produkcyjnego lub magazynu firmy.",max,Miesiąc,Rozliczeniowy,Sprzedaż,,,,CEL,,,,,,,,,,,,,,
,,,,,,,PLN,,,,,,,Rezultat,,,,,,,,,,,,,,
,Dyrektor Logistyka,,,DOSTAWY NA CZAS (OTIF),OTIF (%) = Liczba zamówień dostarczonych na czas i w pełnej ilości / Całkowita liczba zamówień ×100%,"wskaźnik logistyczny, który mierzy, jaki procent zamówień został dostarczony zgodnie z ustalonym harmonogramem (na czas) i w pełnej zamówionej ilości (in-full). OTIF ocenia zdolność firmy do spełniania wymagań klientów dotyczących terminowości i kompletności dostaw.",min,Miesiąc,Rozliczeniowy,Logistyka,,,,CEL,,,,,,,,,,,,,,
,,,,,,,%,,,,,,,Rezultat,,,,,,,,,,,,,,
,,,,KOSZTY MAGAZYNOWANIA ZEWNĘTRZNEGO,"Koszty magazynowania zewnętrznego=∑Koszty wynajmu magazynu, obsługi i związanych usług w danym okresie","wskaźnik mierzący wydatki ponoszone przez firmę na przechowywanie towarów lub materiałów w zewnętrznych magazynach, które nie są własnością firmy. Obejmuje opłaty za wynajem przestrzeni magazynowej, obsługę logistyczną oraz dodatkowe koszty związane z zewnętrznym składowaniem.",max.,Miesiąc,Rozliczeniowy,Logistyka,,,,CEL,,,,,,,,,,,,,,
,,,,,,,LC/1000,,,,,,,Rezultat,,,,,,,,,,,,,,
,,,,RÓŻNICE INWENTARYZACYJNE PALET,Różnice inwentaryzacyjne palet = Stan systemowy palet − Stan faktyczny palet,"wskaźnik mierzący rozbieżności między faktycznym stanem palet w magazynie a stanem wykazanym w systemie ewidencyjnym firmy. Różnice mogą wynikać z błędów w księgowości, uszkodzeń, kradzieży lub nieprawidłowej obsługi magazynu.",max.,Miesiąc,Rozliczeniowy,,,,,CEL,,,,,,,,,,,,,,
,,,,,,,LC/1000,,,,,,,Rezultat,,,,,,,,,,,,,,
,,,,RÓŻNICE INWENTARYZACYJNE WYROBU GOTOWEGO,Różnice inwentaryzacyjne = Stan systemowy  − Stan faktyczny,"wskaźnik mierzący rozbieżności między faktycznym stanem magazynowym wyrobów gotowych a danymi zapisanymi w systemie ewidencyjnym. Różnice te mogą wynikać z błędów w księgowości, uszkodzeń produktów, strat podczas transportu lub magazynowania, a także nieprawidłowości w zarządzaniu zapasami.",max.,Miesiąc,Rozliczeniowy,Logistyka,,,,CEL,,,,,,,,,,,,,,
,,,,,,,LC/1000,,,,,,,Rezultat,,,,,,,,,,,,,,
,,,,ROTACJA MAGAZYNU - RAZEM,Rotacja magazynu = Koszt sprzedanych towarów i zużytych materiałów / średnia wartość zapasów,"wskaźnik logistyczny mierzący, jak często całkowite zapasy magazynowe są wymieniane (sprzedawane lub zużywane) w danym okresie. Odzwierciedla efektywność zarządzania zapasami oraz tempo, w jakim towary lub surowce opuszczają magazyn.",max. ,Miesiąc,Rozliczeniowy,,,,,CEL,,,,,,,,,,,,,,
,,,,,,,dni,,,,,,,Rezultat,,,,,,,,,,,,,,
,,,,ROTACJA MAGAZYNU - MATERIAŁY,Rotacja materiałów = Koszt zużytych materiałów / średnia wartość zapasu materiałów,"wskaźnik logistyczny mierzący, jak często materiały magazynowane w firmie są zużywane lub wymieniane w danym okresie. Wskaźnik ten odzwierciedla efektywność zarządzania materiałami w magazynie.",max. ,Miesiąc,Rozliczeniowy,Logistyka,,,,CEL,,,,,,,,,,,,,,
,,,,,,,dni,,,,,,,Rezultat,,,,,,,,,,,,,,
,,,,ROTACJA MAGAZYNU - TOWARY,Rotacja towarów = Koszt sprzedanych towarów / średnia wartość zapasu towarów,"wskaźnik logistyczny mierzący, jak często towary magazynowane przez firmę są sprzedawane i wymieniane w danym okresie. Wskaźnik ten pokazuje, jak efektywnie firma zarządza zapasami gotowych towarów.",max. ,Miesiąc,Rozliczeniowy,Logistyka,,,,CEL,,,,,,,,,,,,,,
,,,,,,,dni,,,,,,,Rezultat,,,,,,,,,,,,,,
,,,,ROTACJA MAGAZYNU - WIP,Rotacja WIP= Koszt produktów przetworzonych / Średnia wartość zapasów WIP​,"wskaźnik mierzący, jak często zapasy produktów w trakcie produkcji (Work in Progress - WIP) są przekształcane w gotowe produkty w danym okresie. Wskaźnik ten pozwala ocenić efektywność zarządzania procesem produkcyjnym.",max. ,Miesiąc,Rozliczeniowy,Logistyka,,,,CEL,,,,,,,,,,,,,,
,,,,,,,dni,,,,,,,Rezultat,,,,,,,,,,,,,,
,,,,ROTACJA MAGAZYNU - WYROBY GOTOWE,Rotacja magazynu wyrobóww gotowych = Koszt Sprzedaży Wyrobów Gotowych / Średni stan magazynowy wyrobów gotowych​,"wskaźnik odnosi się do efektywności zarządzania zapasami wyrobów gotowych w magazynie. Mierzy, jak często zapasy wyrobów gotowych są zużywane lub sprzedawane i zastępowane nowymi w określonym okresie.",max. ,Miesiąc,Rozliczeniowy,Logistyka,,,,CEL,,,,,,,,,,,,,,
,,,,,,,dni,,,,,,,Rezultat,,,,,,,,,,,,,,
,,,,Koszty transportu in (zdublowane w zakupach),Koszty transportu inbound = Całkowity koszt transportu towarów do zakładu,"wskaźnik operacyjny mierzący łączny koszt transportu towarów, surowców lub komponentów od dostawców do zakładu produkcyjnego lub magazynu firmy.",max.,Miesiąc,Rozliczeniowy,Logistyka,,,,CEL,,,,,,,,,,,,,,
,,,,,,,LC/1000,,,,,,,Rezultat,,,,,,,,,,,,,,
,,,,Koszty transportu out,Koszty transportu outbound = Całkowity koszt transportu wyrobów do klientów,"odnosi się do kosztów związanych z transportem wyrobów gotowych do klientów lub innych punktów dystrybucji. Mierzy, jak efektywnie zarządzane są koszty logistyczne związane z dostarczaniem produktów.",max.,Miesiąc,Rozliczeniowy,Logistyka,,,,CEL,,,,,,,,,,,,,,
,,,,,,,LC/1000,,,,,,,Rezultat,,,,,,,,,,,,,,
,,,,Opóźnienia w realizacji zamówień,Opóźnienia w realizacji zamówień (k PLN) = Wartość zamówień opóźnionych ×100 / Całkowita wartość zamówień ×100,"mierzy wartość zamówień, które nie zostały dostarczone w określonym terminie, co może wpływać na satysfakcję klientów, reputację firmy oraz wyniki finansowe.",max.,Miesiąc,Rozliczeniowy,Logistyka,,,,CEL,,,,,,,,,,,,,,
,,,,,,,LC/1000,,,,,,,Rezultat,,,,,,,,,,,,,,
,Dyrektor Jakość,,,WARTOŚĆ REKLAMACJI,,"mierzy łączną wartość finansową zgłoszonych reklamacji od klientów, co może sygnalizować poziom zadowolenia klientów oraz jakość dostarczanych produktów lub usług.",max.,Miesiąc,Informacyjny,Jakość,,,,CEL,,,,,,,,,,,,,,
,,,,,,,LC/1000,,,,,,,Rezultat,,,,,,,,,,,,,,
,,,,ŚREDNI CZAS ODPOWIEDZI NA REKLAMACJE KLIENTA,Średni czas odpowiedzi = Suma czasu odpowiedzi na reklamacje / Liczba rozpatrzonych reklamacji ​  ,"wskaźnik mierzy, jak dużo czasu firma potrzebuje, aby udzielić pełnej odpowiedzi na zgłoszoną reklamację klienta. Jest to kluczowy wskaźnik w zarządzaniu obsługą klienta, wpływający na poziom satysfakcji oraz wizerunek firmy.",max.,Miesiąc,Rozliczeniowy,,,,,CEL,,,,,,,,,,,,,,
,,,,,,,dni,,,,,,,Rezultat,,,,,,,,,,,,,,
,,,,REALIZACJA AUDYTÓW WEWNĘTRZNYCH,Liczba przeprowadzonych audytów / Liczba zaplanowanych audytów) * 100,Wskaźnik mierzy stopień realizacji zaplanowanych audytów wewnętrznych w stosunku do zaplanowanej liczby audytów.,min,Kwatalny,Rozliczeniowy,Jakość,,,,CEL,,,,,,,,,,,,,,
,,,,,,,szt.,,,,,,,Rezultat,,,,,,,,,,,,,,
,,,,RECERTYFIKACJA,Monitorowanie liczby ponownych certyfikacji w stosunku do całkowitej liczby wymaganych certyfikacji.,Wskaźnik monitoruje ponowne certyfikowanie produktów lub systemów po okresie ważności certyfikatu.,min,Roczny,Rozliczeniowy,Jakość,,,,CEL,,,,,,,,,,,,,,
,,,,,,,szt.,,,,,,,Rezultat,,,,,,,,,,,,,,
,,,,DRFP - Brakowość wyrobów gotowych - Niezalegalizowane/ Wyprodukowane,Liczba wyrobów nielegalizowanych / Liczba wyprodukowanych wyrobów) * 100,"Wskaźnik wyraża procent wyrobów gotowych, które nie spełniają wymagań i nie zostały zalegalizowane w stosunku do całkowitej liczby wyprodukowanych.",,,,,,,,CEL,,,,,,,,,,,,,,
,,,,,,,,,,,,,,Rezultat,,,,,,,,,,,,,,
,,,,IDCI - Koszty braków wewnętrznych - TKW braków wewnętrznych (separatory + braki nienaprawialne)/ TKW produkcji,Koszty braków wewnętrznych / TKW produkcji) * 100,Wskaźnik mierzy stosunek kosztów braków wewnętrznych do całkowitego kosztu wyprodukowanych towarów (TKW).,,,,,,,,CEL,,,,,,,,,,,,,,
,,,,,,,,,,,,,,Rezultat,,,,,,,,,,,,,,
,,,,TCPQ - Total cost of poor quality,Suma kosztów związanych z brakiem jakości (w produkcji; reklamacjach; naprawach; etc.),"Wskaźnik mierzy całkowity koszt niskiej jakości, w tym koszty związane z brakiem jakości w produkcji i usługach.",,,,,,,,CEL,,,,,,,,,,,,,,
,,,,,,,,,,,,,,Rezultat,,,,,,,,,,,,,,
,,,,CUSTOMER RETURNS (INTERNAL),Liczba zwrotów wewnętrznych / Liczba sprzedanych produktów) * 100,Wskaźnik mierzy liczbę zwrotów wewnętrznych produktów od klientów w danym okresie.,,,,,,,,CEL,,,,,,,,,,,,,,
,,,,,,,,,,,,,,Rezultat,,,,,,,,,,,,,,
,,,,PENALTIES,Suma kar finansowych nałożonych w danym okresie,Suma kar finansowych nałożonych w danym okresie,,,,,,,,CEL,,,,,,,,,,,,,,
,,,,,,,,,,,,,,Rezultat,,,,,,,,,,,,,,
,,,,Reklamacje wewnętrzne (PPM),"Liczba reklamacji wewnętrznych / Całkowita produkcja * 1,000,000",Wskaźnik mierzy liczbę reklamacji wewnętrznych wyrażonych w częściach na milion (PPM) w odniesieniu do całkowitej produkcji.,,,,,,,,CEL,,,,,,,,,,,,,,
,,,,,,,,,,,,,,Rezultat,,,,,,,,,,,,,,
,,,,Reklamacje zewnętrzne (PPM),"Liczba reklamacji zewnętrznych / Liczba sprzedanych produktów * 1,000,000",Wskaźnik mierzy liczbę reklamacji zewnętrznych wyrażonych w częściach na milion (PPM) w odniesieniu do liczby sprzedanych produktów.,,,,,,,,CEL,,,,,,,,,,,,,,
,,,,,,,,,,,,,,Rezultat,,,,,,,,,,,,,,
,Dyrektor IT/OT,,,SZYBKOŚĆ REAKCJI NA ZGŁOSZENIA (TICKET),Średni czas od zgłoszenia do podjęcia pierwszej akcji.,"Wskaźnik mierzy średni czas reakcji na zgłoszenia ticketowe (np. problemy techniczne, awarie).",max,Miesiąc,Rozliczeniowy,Sprzedaż,,,,CEL,,,,,,,,,,,,,,
,,,,,,,dni,,,,,,,Rezultat,,,,,,,,,,,,,,
,,,,CZAS KRYTYCZNYCH PRZERW USŁUGI SYSTEMOWEJ (ERP ETC.),Czas trwania przerw krytycznych / Całkowity czas pracy systemu * 100,"Wskaźnik monitoruje czas trwania krytycznych przerw w dostępie do kluczowych systemów, takich jak ERP.",max,Miesiąc,Rozliczeniowy,Sprzedaż,,,,CEL,,,,,,,,,,,,,,
,,,,,,,dni,,,,,,,Rezultat,,,,,,,,,,,,,,
,,,,LICZBA ZGŁOSZEŃ DO IT,Suma wszystkich zgłoszeń do IT w danym okresie.,Wskaźnik mierzy liczbę zgłoszeń do działu IT w danym okresie.,min. ,Miesiąc,Informacyjny,Sprzedaż,,,,CEL,,,,,,,,,,,,,,
,,,,,,,szt.,,,,,,,Rezultat,,,,,,,,,,,,,,
,,,,% ZREALIZOWANYCH ZGŁOSZEŃ W TERMINIE,Liczba zgłoszeń rozwiązanych w terminie / Liczba wszystkich zgłoszeń * 100,Wskaźnik mierzy procent zgłoszeń rozwiązanych w terminie w stosunku do wszystkich zgłoszeń.,min. ,Narastająco,Rozliczeniowy,Sprzedaż,,,,CEL,,,,,,,,,,,,,,
,,,,,,,%,,,,,,,Rezultat,,,,,,,,,,,,,,
,Dyrektor HR,,,KOSZT PRACY BEZPOŚREDNIO-PRODUKCYJNEJ,Suma kosztów wynagrodzeń pracowników bezpośrednio-produkcyjnych w danym okresie.,Wskaźnik mierzy całkowity koszt pracy pracowników bezpośrednio zaangażowanych w produkcję.,max.,Miesiąc,Rozliczeniowy,HR,,,,CEL,,,,,,,,,,,,,,
,,,,,,,% sprzedaży,,,,,,,Rezultat,,,,,,,,,,,,,,
,,,,KOSZT PRACY POŚREDNIO-PRODUKCYJNEJ,Suma kosztów wynagrodzeń pracowników pośrednio-produkcyjnych w danym okresie.,Wskaźnik mierzy całkowity koszt pracy pracowników pośrednio zaangażowanych w proces produkcji.,max.,Miesiąc,Rozliczeniowy,HR,,,,CEL,,,,,,,,,,,,,,
,,,,,,,% sprzedaży,,,,,,,Rezultat,,,,,,,,,,,,,,
,,,,HEADCOUNT - PRACOWNICY BEZPOŚREDNIO-PRODUKCYJNi,Liczba pracowników bezpośrednio zaangażowanych w produkcję.,Wskaźnik mierzy liczbę pracowników bezpośrednio zaangażowanych w produkcję.,max.,Miesiąc,Rozliczeniowy,HR,,,,CEL,,,,,,,,,,,,,,
,,,,,,,szt.,,,,,,,Rezultat,,,,,,,,,,,,,,
,,,,HEADCOUNT - PRACOWNICY POŚREDNIO-PRODUKCYJNi,Liczba pracowników pośrednio zaangażowanych w produkcję.,Wskaźnik mierzy liczbę pracowników pośrednio zaangażowanych w proces produkcji.,max.,Miesiąc,Rozliczeniowy,HR,,,,CEL,,,,,,,,,,,,,,
,,,,,,,szt.,,,,,,,Rezultat,,,,,,,,,,,,,,
,,,,ABSENCJA,Liczba dni/ godzin absencji / Całkowita liczba dni/godzin pracy * 100,Wskaźnik mierzy poziom absencji pracowników w stosunku do całkowitego czasu pracy.,max. ,Miesiąc,Informacyjny,HR,,,,CEL,,,,,,,,,,,,,,
,,,,,,,%,,,,,,,Rezultat,,,,,,,,,,,,,,
,,,,WSPÓŁCZYNNIK ROTACJI,"Liczba pracowników, którzy opuścili firmę / Średnia liczba pracowników * 100","Wskaźnik mierzy odsetek pracowników, którzy opuścili firmę w danym okresie.",max. ,Miesiąc,Informacyjny,HR,,,,CEL,,,,,,,,,,,,,,
,,,,,,,%,,,,,,,Rezultat,,,,,,,,,,,,,,
,,,,POZIOM WYKORZYSTANIA URLOPÓW,Liczba dni/godzin wykorzystanych urlopów / Całkowita liczba dostępnych dni/godzin urlopów * 100,Wskaźnik mierzy procent wykorzystanych urlopów w stosunku do całkowitej liczby dostępnych urlopów.,min,Miesiąc,Informacyjny,HR,,,,CEL,,,,,,,,,,,,,,
,,,,,,,%,,,,,,,Rezultat,,,,,,,,,,,,,,
,,,,Urlopy niewykorzystane (dni),Liczba dni niewykorzystanych urlopów na koniec okresu.,Wskaźnik mierzy liczbę dni niewykorzystanych urlopów na koniec okresu.,max. ,Miesiąc,Informacyjny,HR,,,,CEL,,,,,,,,,,,,,,
,,,,,,,dni,,,,,,,Rezultat,,,,,,,,,,,,,,
,,,,Liczba nadgodzin,Liczba nadgodzin przepracowanych przez pracowników w danym okresie.,Wskaźnik mierzy całkowitą liczbę nadgodzin przepracowanych przez pracowników.,max. ,Miesiąc,Informacyjny,HR,,,,CEL,,,,,,,,,,,,,,
,,,,,,,h,,,,,,,Rezultat,,,,,,,,,,,,,,
,,,,Wielkość zatrudnienia (Full Time Equivalent Pracownicy Tymczasowi),Liczba pełnych etatów (FTE) pracowników tymczasowych.,Wskaźnik mierzy liczbę pełnych etatów (FTE) pracowników tymczasowych.,max.,Miesiąc,Rozliczeniowy,HR,,,,CEL,,,,,,,,,,,,,,
,,,,,,,szt.,,,,,,,Rezultat,,,,,,,,,,,,,,
,,,,Otwarte rekrutacje DL (number),Liczba otwartych rekrutacji na stanowiska DL (Direct Labor).,Wskaźnik mierzy liczbę otwartych rekrutacji na stanowiska DL (Direct Labor).,,,,Sprzedaż,,,,CEL,,,,,,,,,,,,,,
,,,,,,,,,,,,,,Rezultat,,,,,,,,,,,,,,
,CFO,,,PRZYGOTOWANIE RAPORTÓW FINANSOWYCH NA CZAS,Liczba raportów przygotowanych na czas / Liczba raportów planowanych * 100,Wskaźnik mierzy terminowość przygotowania raportów finansowych zgodnie z ustalonym harmonogramem.,max.,Miesiąc,Rozliczeniowy,,,,,CEL,,,,,,,,,,,,,,
,,,,,,,%,,,,,,,Rezultat,,,,,,,,,,,,,,
,,,,"TERMINOWA SPRAWOZDAWCZOŚĆ WYNIKOWA, MARŻOWA, URZĘDOWA",Liczba raportów dostarczonych na czas / Liczba wymaganych raportów * 100,"Wskaźnik mierzy terminowość dostarczania raportów wynikowych, marżowych oraz urzędowych zgodnie z wymaganiami.",max.,Miesiąc,Rozliczeniowy,,,,,CEL,,,,,,,,,,,,,,
,,,,,,,%,,,,,,,Rezultat,,,,,,,,,,,,,,
,,,,TERMINOWE ROZLICZANIE RAPORTÓW SSE,Liczba raportów SSE rozliczonych na czas / Liczba raportów planowanych * 100,Wskaźnik mierzy terminowość rozliczania raportów SSE (Specjalna Strefa Ekonomiczna).,max.,Miesiąc,Rozliczeniowy,,,,,CEL,,,,,,,,,,,,,,
,,,,,,,%,,,,,,,Rezultat,,,,,,,,,,,,,,
,,,,EBITDA ,Zysk operacyjny + Amortyzacja,"Wskaźnik mierzy wynik operacyjny przed potrąceniem odsetek, podatków i amortyzacji.",min.,Miesiąc,Informacyjny,Finanse,,,,CEL,,,,,,,,,,,,,,
,,,,,,,LC/1000,,,,,,,Rezultat,,,,,,,,,,,,,,
,,,,Koszty ogólnego zarządu,Całkowite koszty ogólne poniesione przez zarząd w danym okresie.,Wskaźnik mierzy całkowite koszty poniesione na ogólne zarządzanie firmą.,max.,Miesiąc,Informacyjny,,,,,CEL,,,,,,,,,,,,,,
,,,,,,,LC/1000,,,,,,,Rezultat,,,,,,,,,,,,,,
,,,,Marża bezpośrednia,Przychody ze sprzedaży - Koszty bezpośrednie,Wskaźnik mierzy różnicę pomiędzy przychodami ze sprzedaży a kosztami bezpośrednimi produkcji.,min.,Miesiąc,Informacyjny,,,,,CEL,,,,,,,,,,,,,,
,,,,,,,LC/1000,,,,,,,Rezultat,,,,,,,,,,,,,,
,,,,Zysk netto,Przychody - Koszty - Podatki,Wskaźnik mierzy całkowity zysk netto po potrąceniu kosztów i podatków.,min.,Miesiąc,Informacyjny,,,,,CEL,,,,,,,,,,,,,,
,,,,,,,LC/1000,,,,,,,Rezultat,,,,,,,,,,,,,,
,,,,KON - Kapitał Obrotowy Netto,Aktywa obrotowe - Zobowiązania bieżące,Wskaźnik mierzy różnicę pomiędzy aktywami obrotowymi a zobowiązaniami bieżącymi.,min.,Miesiąc,Informacyjny,,,,,CEL,,,,,,,,,,,,,,
,,,,,,,LC/1000,,,,,,,Rezultat,,,,,,,,,,,,,,
,,,,Należności,Wartość należności od klientów na koniec okresu.,Wskaźnik mierzy wartość należności od klientów w danym okresie.,max.,Miesiąc,Informacyjny,,,,,CEL,,,,,,,,,,,,,,
,,,,,,,LC/1000,,,,,,,Rezultat,,,,,,,,,,,,,,
,,,,Zobowiązania,Wartość zobowiązań na koniec okresu.,Wskaźnik mierzy wartość zobowiązań firmy w danym okresie.,min.,Miesiąc,Informacyjny,,,,,CEL,,,,,,,,,,,,,,
,,,,,,,LC/1000,,,,,,,Rezultat,,,,,,,,,,,,,,
,Dopasowanie  produktu / tech procesu,TECHNICAL & INVESTMENT,,,,,,,,,,,,CEL,,,,,,,,,,,,,,
,,,,,,,,,,,,,,Rezultat,,,,,,,,,,,,,,
,,,,,,,,,,,,,,CEL,,,,,,,,,,,,,,
,,,,,,,,,,,,,,Rezultat,,,,,,,,,,,,,,
,,,,,,,,,,,,,,CEL,,,,,,,,,,,,,,
,,,,,,,,,,,,,,Rezultat,,,,,,,,,,,,,,
,,,,,,,,,,,,,,CEL,,,,,,,,,,,,,,
,,,,,,,,,,,,,,Rezultat,,,,,,,,,,,,,,
,,,,,,,,,,,,,,CEL,,,,,,,,,,,,,,
,,,,,,,,,,,,,,Rezultat,,,,,,,,,,,,,,
,,,,,,,,,,COO,,,,CEL,,,,,,,,,,,,,,
,,,,,,,,,,,,,,Rezultat,,,,,,,,,,,,,,
,Produkcja,,,WIELKOŚĆ PRODUKCJI,Całkowita liczba wyprodukowanych towarów w danym okresie.,Wskaźnik mierzy całkowitą wielkość wyprodukowanych towarów w danym okresie.,min. ,Miesiąc,Informacyjny,Produkcja,,,,CEL,,,,,,,,,,,,,,
,,,,,,,m 2,,,,,,,Rezultat,,,,,,,,,,,,,,
,,,,OEE - ŚREDNIE CAŁY ZAKŁAD,Całkowita dostępność x Wydajność x Jakość dla całego zakładu.,Wskaźnik mierzy średnią efektywność wykorzystania maszyn i urządzeń na poziomie całego zakładu.,min. ,Miesiąc,Rozliczeniowy,Produkcja,,,,CEL,,,,,,,,,,,,,,
,,,,,,,%,,,,,,,Rezultat,,,,,,,,,,,,,,
,,,,OEE - na kluczowych stanowiskach,Całkowita dostępność x Wydajność x Jakość na kluczowych stanowiskach.,Wskaźnik mierzy efektywność operacyjną na kluczowych stanowiskach produkcyjnych.,min. ,Miesiąc,Rozliczeniowy,Produkcja,,,,CEL,,,,,,,,,,,,,,
,,,,,,,%,,,,,,,Rezultat,,,,,,,,,,,,,,
,,,,ODPAD PRODUKCYJNY,Liczba ton/m3 odpadu produkcyjnego / Całkowita produkcja x 100,Wskaźnik mierzy ilość odpadu produkcyjnego w stosunku do całkowitej produkcji.,max.,Miesiąc,Rozliczeniowy,Produkcja,,,,CEL,,,,,,,,,,,,,,
,,,,,,,%,,,,,,,Rezultat,,,,,,,,,,,,,,
,,,,WARTOŚĆ NADGODZIN PŁATNYCH,Suma wartości nadgodzin płatnych w danym okresie.,Wskaźnik mierzy całkowitą wartość nadgodzin płatnych pracowników.,max. ,Miesiąc,Rozliczeniowy,COO,,,,CEL,,,,,,,,,,,,,,
,,,,,,,LC/1000,,,,,,,Rezultat,,,,,,,,,,,,,,
,,,,DIRECT LABOR,Liczba pracowników bezpośrednio zaangażowanych w produkcję.,Wskaźnik mierzy liczbę pracowników bezpośrednio zaangażowanych w produkcję.,max.,Miesiąc,Rozliczeniowy,,,,,CEL,,,,,,,,,,,,,,
,,,,,,,szt.,,,,,,,Rezultat,,,,,,,,,,,,,,
,,,,INDIRECT LABOR,Liczba pracowników pośrednio zaangażowanych w produkcję.,Wskaźnik mierzy liczbę pracowników pośrednio zaangażowanych w produkcję.,max.,Miesiąc,Rozliczeniowy,Sprzedaż,,,,CEL,,,,,,,,,,,,,,
,,,,,,,szt.,,,,,,,Rezultat,,,,,,,,,,,,,,
,,,,Poziom Backlog,Wartość zamówień zaległych / Całkowita wartość zamówień x 100,Wskaźnik mierzy poziom zaległości produkcyjnych w stosunku do zamówień.,,,,,,,,CEL,,,,,,,,,,,,,,
,,,,,,,,,,,,,,Rezultat,,,,,,,,,,,,,,
,,,,Stopień realizacji planu produkcji (szt zdane do magazynu - wyrób gotowy),Liczba wyrobów gotowych przekazanych do magazynu / Planowana produkcja x 100,Wskaźnik mierzy stopień realizacji planu produkcji na podstawie liczby wyrobów gotowych.,,,,,,,,CEL,,,,,,,,,,,,,,
,,,,,,,,,,,,,,Rezultat,,,,,,,,,,,,,,
,,,,Terminowość dostaw (OTIF - On-Time In-Full),Liczba dostaw terminowych / Całkowita liczba dostaw x 100,Wskaźnik mierzy terminowość dostaw produktów zgodnie z zasadą On-Time In-Full.,,,,,,,,CEL,,,,,,,,,,,,,,
,,,,,,,,,,,,,,Rezultat,,,,,,,,,,,,,,
,,,,"FTA/FTQ (First Time Quality, Accurate - średni z linii)",Liczba produktów spełniających wymogi jakościowe za pierwszym razem / Całkowita produkcja x 100,Wskaźnik mierzy jakość produkcji na podstawie wskaźnika First Time Quality.,,,,,,,,CEL,,,,,,,,,,,,,,
,,,,,,,,,,,,,,Rezultat,,,,,,,,,,,,,,
,,,,Realizacja Capacity,Wydajność rzeczywista / Wydajność planowana x 100,Wskaźnik mierzy stopień realizacji planowanej wydajności produkcyjnej (capacity).,,,,,,,,CEL,,,,,,,,,,,,,,
,,,,,,,,,,,,,,Rezultat,,,,,,,,,,,,,,
,,,,Koszty braków,Całkowite koszty braków produkcyjnych w danym okresie.,Wskaźnik mierzy całkowite koszty związane z brakami produkcyjnymi.,,,,,,,,CEL,,,,,,,,,,,,,,
,,,,,,,,,,,,,,Rezultat,,,,,,,,,,,,,,
,,,,LICZBA WYPADKÓW,Liczba wypadków zarejestrowanych w danym okresie.,Wskaźnik mierzy liczbę wypadków w zakładzie w danym okresie.,,,,,,,,CEL,,,,,,,,,,,,,,
,,,,,,,,,,,,,,Rezultat,,,,,,,,,,,,,,
,Utrzymanie Ruchu,,,CZAS AWARII,Całkowity czas trwania awarii w godzinach.,Całkowity czas trwania awarii w godzinach.,max. ,Miesiąc,Rozliczeniowy,UR,,,,CEL,,,,,,,,,,,,,,
,,,,,,,h,,,,,,,Rezultat,,,,,,,,,,,,,,
,,,,LICZBA AWARII,Liczba zarejestrowanych awarii w danym okresie.,Liczba zarejestrowanych awarii w danym okresie.,max.,Miesiąc,Rozliczeniowy,UR,,,,CEL,,,,,,,,,,,,,,
,,,,,,,szt.,,,,,,,Rezultat,,,,,,,,,,,,,,
,,,,NARASTAJĄCO REALIZOWANE WYDATKI NA UR,Łączna kwota wydatków poniesionych na utrzymanie ruchu w danym okresie.,Łączna kwota wydatków poniesionych na utrzymanie ruchu w danym okresie.,max. ,Miesiąc,Informacyjny,UR,,,,CEL,,,,,,,,,,,,,,
,,,,,,,szt.,,,,,,,Rezultat,,,,,,,,,,,,,,
,,,,LICZBA ZREALIZOWANYCH GODZIN PRZEGLĄDÓW PREWENCYJNYCH ,Suma zrealizowanych godzin przeznaczonych na przeglądy prewencyjne w danym okresie.,Suma zrealizowanych godzin przeznaczonych na przeglądy prewencyjne w danym okresie.,min.,Miesiąc,Rozliczeniowy,UR,,,,CEL,,,,,,,,,,,,,,
,,,,,,,h,,,,,,,Rezultat,,,,,,,,,,,,,,
,,,,ZUŻYCIE GAZU,Suma zużycia gazu w m3 w danym okresie.,Suma zużycia gazu w m3 w danym okresie.,max.,Miesiąc,informacyjny,UR,,,,CEL,,,,,,,,,,,,,,
,,,,,,,m3,,,,,,,Rezultat,,,,,,,,,,,,,,
,,,,ZUŻYCIE ENERGII ELEKTRYCZNEJ,Suma zużycia energii elektrycznej w kWh w danym okresie.,Suma zużycia energii elektrycznej w kWh w danym okresie.,max,Miesiąc,informacyjny,UR,,,,CEL,,,,,,,,,,,,,,
,,,,,,,kWh,,,,,,,Rezultat,,,,,,,,,,,,,,
,,,,ZUŻYCIE ENRGII CIEPLNEJ,Suma zużycia energii cieplnej w GJ w danym okresie.,Suma zużycia energii cieplnej w GJ w danym okresie.,max.,Miesiąc,informacyjny,UR,,,,CEL,,,,,,,,,,,,,,
,,,,,,,m3,,,,,,,Rezultat,,,,,,,,,,,,,,
,PLANT DIRECTOR,PLANT DIRECTOR,,PPH (m2/LICZBA PRACOWNIKÓW BEZP./POŚR.),#REF!,#REF!,max.,Miesiąc,Rozliczeniowy,Produkcja,,,,CEL,,,,,,,,,,,,,,
,,,,,,,m2/head,,,,,,,Rezultat,,,,,,,,,,,,,,
,,,,% REALIZACJI BUDŻETU KOSZTÓW ZAKŁADU,#REF!,#REF!,max. ,Miesiąc,Rozliczeniowy,Produkcja,,,,CEL,,,,,,,,,,,,,,
,,,,,,,%,,,,,,,Rezultat,,,,,,,,,,,,,,
,,,,ŚREDNI POZIOM WYPEŁNIENIA NACZEPY (% LUB M2 / TRANSPORT),#REF!,#REF!,max.,Miesiąc,Rozliczeniowy,Produkcja,,,,CEL,,,,,,,,,,,,,,
,,,,,,,%/m2/transport,,,,,,,Rezultat,,,,,,,,,,,,,,
,,,,WIELKOŚĆ SPRZEDAŻY,#REF!,#REF!,min. ,Miesiąc,Rozliczeniowy,COO,,,,CEL,,,,,,,,,,,,,,
,,,,,,,m2,,,,,,,Rezultat,,,,,,,,,,,,,,
,,,,LICZBA REKLAMACJI,#REF!,#REF!,max,Miesiąc,Rozliczeniowy,COO,,,,CEL,,,,,,,,,,,,,,
,,,,,,,liczba,,,,,,,Rezultat,,,,,,,,,,,,,,
,PLANT DIRECTOR,LEAN,,LICZBA (WDROŻONYCH ?) INICJATYW KAIZEN,#REF!,#REF!,min. ,Miesiąc,Rozliczeniowy,Sprzedaż,,,,CEL,,,,,,,,,,,,,,
,,,,,,,szt.,,,,,,,Rezultat,,,,,,,,,,,,,,
,,,,REALIZACJA ZADAŃ Z ACTION PLAN LEAN / POSTĘP PROJEKTU,#REF!,#REF!,min. ,Miesiąc,Rozliczeniowy,Sprzedaż,,,,CEL,,,,,,,,,,,,,,
,,,,,,,%,,,,,,,Rezultat,,,,,,,,,,,,,,
,,,,WIELKOŚĆ OSZCZĘDNOŚCI Z OPTYMALIZACJI,#REF!,#REF!,min. ,Miesiąc,Informacyjny,Sprzedaż,,,,CEL,,,,,,,,,,,,,,
,,,,,,,LC/1000,,,,,,,Rezultat,,,,,,,,,,,,,,
,PLANT DIRECTOR,PLANOWANIE,,WIP ROTACJA - TEKTURA,#REF!,#REF!,max. ,Miesiąc,Rozliczeniowy,Planowanie,,,,CEL,,,,,,,,,,,,,,
,,,,,,,dni,,,,,,,Rezultat,,,,,,,,,,,,,,
,,,,"WIP TEKTURA - PODŁOGA, LICZBA PALET",#REF!,#REF!,max. ,Miesiąc,Rozliczeniowy,Planowanie,,,,CEL,,,,,,,,,,,,,,
,,,,,,,m kw,,,,,,,Rezultat,,,,,,,,,,,,,,
,,,,UTYLIZACJA MOCY PRODUKCYJNYCH (BEZ ZMIAN DODATKOWYCH),#REF!,#REF!,min.,Miesiąc,Rozliczeniowy,,,,,CEL,,,,,,,,,,,,,,
,,,,,,,%/zmian,,,,,,,Rezultat,,,,,,,,,,,,,,
,,,,ROTACJA ZAPASÓW (PAPIER; TYCHY),#REF!,#REF!,max.,Miesiąc,Rozliczeniowy,,,,,CEL,,,,,,,,,,,,,,
,,,,,,,dni,,,,,,,Rezultat,,,,,,,,,,,,,,
,,,,WIP - PÓŁWYRÓB ROTACJA,#REF!,#REF!,max. ,Miesiąc,Rozliczeniowy,Planowanie,,,,CEL,,,,,,,,,,,,,,
,,,,,,,dni,,,,,,,Rezultat,,,,,,,,,,,,,,
,,,,WIP PÓŁWYRÓB (PODŁOGA) - LICZBA PALET,#REF!,#REF!,max. ,Miesiąc,Rozliczeniowy,Planowanie,,,,CEL,,,,,,,,,,,,,,
,,,,,,,m kw,,,,,,,Rezultat,,,,,,,,,,,,,,
,EHS SPEC.,EHS,,AUDYTY BHP/PPOŻ,#REF!,#REF!,min,Miesiąc,Rozliczeniowy,BHP,,,,CEL,,,,,,,,,,,,,,
,,,,,,,sztuk,,,,,,,Rezultat,,,,,,,,,,,,,,
,,,,LICZBA ZDARZEŃ POTENCJALNIE WYPADKOWYCH,#REF!,#REF!,min,Miesiąc,Rozliczeniowy,BHP,,,,CEL,,,,,,,,,,,,,,
,,,,,,,sztuk,,,,,,,Rezultat,,,,,,,,,,,,,,
,,,,LICZBA WYPADKÓW,#REF!,#REF!,max. ,Miesiąc,Rozliczeniowy,BHP,,,,CEL,,,,,,,,,,,,,,
,,,,,,,szt.,,,,,,,Rezultat,,,,,,,,,,,,,,
,,,,KOSZTY ODPADÓW / OCZYSZCZANIA,#REF!,#REF!,max. ,Miesiąc,Rozliczeniowy,BHP,,,,CEL,,,,,,,,,,,,,,
,,,,,,,LC/1000,,,,,,,Rezultat,,,,,,,,,,,,,,
,,,,ZUŻYCIE WODY,#REF!,#REF!,max. ,Miesiąc,Informacyjny,BHP,,,,CEL,,,,,,,,,,,,,,
,,,,,,,m3,,,,,,,Rezultat,,,,,,,,,,,,,,
