risk_id,epic_id,category,description,evidence,severity,status
RISK-01,program-wide,persistence,QG-03 full runtime->backend->DB->save->refresh->cold-reopen chain has never run for any of the four tools at any SHA in this program.,"00_PROGRAM_STATUS_AND_VERSION.md Independent control checkpoint + Current-state reconciliation sections; 03_CODEX_QUALITY_BACKLOG.md QG-03. || orchestrator re-ran tests/integration/gate3-persistence-coldreopen.realdb.test.ts itself: Tests 8 passed (8), exit 0",P0,"RESOLVED (2026-08-10, verified 2026-08-11 at e0fc428a33). The chain now runs for ALL FOUR tools and all four Wave 4/5 features: 8/8 pass save -> refresh -> genuine COLD REOPEN (real pool.end() TCP teardown + brand-new express app) -> readback asserted by a DIRECT pg query against the physical row. Isolated local Postgres only. Five sabotages plus one independent orchestrator sabotage; see 13_RUNTIME_GATE_EVIDENCE.md UPDATE section."
RISK-02,E08,migration,"server/migrations/20260810_idea_maturity_gates.sql is written, additive, self-documented as NOT APPLIED, and has never run against any database.","Migration file header, re-read directly 2026-08-10; 03B_DATA_AND_MIGRATION_REPORT.md.",P1,"RESOLVED. Applied 2026-08-10 on an isolated local ephemeral Postgres with the owner's explicit authorisation, after a four-condition review (additive-only, idempotent, no overwriting backfill, objects match what the code queries). psql exit 0 on three separate full runs; schema proven via information_schema, NOT via the migration runner's report. NEVER demo, NEVER production."
RISK-03,E08,migration,"server/migrations/20260810_idea_business_case.sql is written, additive, self-documented as NOT APPLIED, and has never run against any database.","Migration file header, re-read directly 2026-08-10; 03B_DATA_AND_MIGRATION_REPORT.md.",P1,"RESOLVED. Same authorised isolated-DB run as RISK-02; idea_business_cases created with all nine columns the service queries, the unique index on idea_id, the org index and the FK to my_ideas ON DELETE CASCADE, each verified via information_schema/pg_constraint."
RISK-04,E11,migration,"server/migrations/20260810_idea_conversion_mapping_version.sql is written, additive, self-documented as NOT APPLIED; no column-absent contract test exists for it (unlike E12's confidentiality migration).",Migration file header; 12_CONVERSION_LINEAGE_ACCEPTANCE.md §3.,P1,"RESOLVED. Same authorised isolated-DB run. NOTE the trap this column produced: mapping_version carries a Postgres DEFAULT 'v1', so an omission-style sabotage left the suite GREEN. The assertion was rewritten to sabotage the written constant instead - see RISK-23."
RISK-05,E12,migration,"server/migrations/20260810_idea_confidentiality.sql is written, additive, self-documented as NOT APPLIED. A mock-based contract test (6/6, re-run 2026-08-10) proves the route-level gating logic including the column-absent fail-open path, but proves nothing about a real database.","Migration file header; tests/integration/mywork/my-work.idea-confidentiality.contract.test.ts re-run 2026-08-10, 6/6 pass; 03B_DATA_AND_MIGRATION_REPORT.md.",P1,"RESOLVED. Same authorised isolated-DB run. The CHECK constraint was proven to BIND by negative control (confidentiality='bogus' rejected with SQLSTATE 23514, 'restricted' accepted); probe rows deleted and the deletion confirmed by count query."
RISK-06,E07,dead-mount,RecordTemplateManager.tsx and its two registered actions (table.record_template.*) are unreachable from any rendered UI in src/ - zero component imports it anywhere except the registry itself.,"grep -rln RecordTemplateManager src/ re-run 2026-08-10 (2 hits: itself + ideaActionRegistry.ts); originally found during QG-02 remediation, deb103fcde commit body.",P2,"OPEN (found, not fixed)"
RISK-07,E02,tech-debt,"Action Registry (src/actions/ideaActionRegistry.ts) is a 10,696-line monolith. QG-01 (split by tool/domain, retain one public API) is defined but not attempted by any task in this program's history.",03_CODEX_QUALITY_BACKLOG.md QG-01; file line count verified 2026-08-10.,P1,"RESOLVED (2026-08-10, SHA 4afa10c31b). Split into a 404-line barrel plus src/actions/registry/*. 231/231 ids identical, ALL 231 action bodies byte-identical, Teresa manifest sha256 unchanged, 21/21 exports, acyclic import graph, type-check exit 0. Two defects the implementing stream did not report were found and fixed (TS2304; a '?? 0' sort fallback that would have jumped any future unregistered action to the TOP of Menu 3). Closed permanently by new guard rule R11 with negative controls in both directions."
RISK-08,E05,bookkeeping,"WB-CLIPBOARD-01 (real object clipboard) code-landed in Wave 5 (80dfde5e05) and is now RE-VERIFIED by S3-AB (2026-08-12): useWhiteboardNodes.ts implements a real node+edge clipboard (copyNodesToClipboard/copySelected/copyNodeById/pasteClipboard/clipboardCount), wired end-to-end from IdeaCanvasContextMenu.tsx's copy/paste menu items and from Ctrl+C/Ctrl+V in IdeaWhiteboardTool.tsx. Dedicated unit test tests/unit/mywork/useWhiteboardNodes.clipboard.test.ts: 3/3 pass.",02_EXECUTION_LEDGER.csv row WB-CLIPBOARD-01 (final_state=REPAIRED_RETESTED as of S3-AB); tests/unit/mywork/useWhiteboardNodes.clipboard.test.ts 3/3 pass (2026-08-12); src/components/MyWork/whiteboard/useWhiteboardNodes.ts:195-287; src/components/MyWork/IdeaCanvasContextMenu.tsx:586-600.,P2,"CLOSED (verified: real object clipboard implemented, wired, and tested)"
RISK-09,E13,i18n,"WB-I18N-01: untranslated i18n key myWork.whiteboard.toolbarExtra.insert used to render raw in Whiteboard Menu 3 (both as label text and as the button's accessible name) because the key did not exist in either locale JSON. S3-AB (2026-08-12) confirmed the key was added to BOTH public/locales/en/translation.json ('Insert') and public/locales/pl/translation.json ('Wstaw') in commit 111868e07a, predating this stream, and added a targeted regression test with a verified negative control (deleting the key made the test fail).","public/locales/en/translation.json and public/locales/pl/translation.json, key myWork.whiteboard.toolbarExtra.insert (present, verified distinct EN/PL values); confirmed absent at merge-base 9d17cac114 baseline-demo, present at HEAD edb38d6a29; new test tests/unit/i18n/wb-i18n-01-toolbar-insert-key.test.ts (3/3 pass; negative control run and reverted); 02_EXECUTION_LEDGER.csv row WB-I18N-01, final_state=REPAIRED_RETESTED as of S3-AB.",P3,CLOSED (locale fix pre-dates this stream; new regression test + negative control added by S3-AB)
RISK-10,E02,tech-debt,"E02-GAP-01: baseline finding at program start - only Menu 3 was registry-driven (16 actions); ~77 hardcoded context-menu items (NodeContextMenu, PaneContextMenu, EdgeContextMenu, ProcessFlowContextMenu, WhiteboardEdgeContextMenu) plus ~100 toolbar onClick handlers (TableToolbar.tsx alone had 58) sat outside the registry, and the machine check could not detect drift outside it. S3-AB (2026-08-12) re-verified against code at HEAD: registry now has 231 actions (scripts/check-actions.sh rc=0); the 5 named context-menu files and TableToolbar.tsx have ZERO entries in the current outside-registry ratchet baseline (fully migrated); a new machine check (scripts/check-action-coverage.sh, R10) now DOES detect drift outside the registry repo-wide, with a ratchet baseline of 188 violations across 89 OTHER files (modals/panels/sections, outside this row's originally-named scope) that must not grow.","scripts/check-actions.sh rc=0 (231 actions, 124 runtime strings, 7 events, 4 API methods); scripts/check-action-coverage.sh rc=0 (188 violations / 89 files, ratchet, not growing); scripts/check-action-coverage.baseline.txt has zero entries for NodeContextMenu.tsx/PaneContextMenu.tsx/EdgeContextMenu.tsx/ProcessFlowContextMenu.tsx/WhiteboardEdgeContextMenu.tsx/TableToolbar.tsx; 02_EXECUTION_LEDGER.csv row E02-GAP-01, final_state=REPAIRED_RETESTED as of S3-AB.",P3,"CLOSED for the originally-named scope (5 context-menu files + TableToolbar.tsx, 0 remaining); superseded/tracked for the rest (188 violations in 89 other files, ratcheted so debt cannot grow, not individually registered)"
RISK-11,E06,defect,"Process Flow lane-delete silently no-opped when the last remaining lane was targeted: `if (locked || lanes.length <= 1) return;` with no toast, no state change, no error (useProcessFlowNodes.ts:293). The UI hides the button in that state, so a human rarely hit it - but the AI Action Registry path is unguarded and reaches the same handler.","orchestrator-verified 2026-08-11: own sabotage restoring the silent `return` turns the suite RED ('expected vi.fn() to be called 1 times, but got 0 times'); restoring the fix returns 4/4 green. Undo proven by an integration test wiring the REAL useProcessFlowUndoRedo (not a mock): lanes and the node's laneId/laneColor are restored.",P1,"RESOLVED for the human-visible defect. The last lane now refuses VISIBLY with a toast in pl and en (myWorkIdeas.processFlowTool.cannotDeleteLastLane, both verified on the full dotted path). A legitimate delete already reassigned its nodes to a defined fallback lane - never orphaned - and was left unchanged. See RISK-30 for the residual layer."
RISK-12,E09,product gap,"SETTLED 2026-08-11, and the answer is the bad one: E09's financial case has NO SAVE PATH AT ALL. Traced hop by hop: IdeaTableTool.tsx:4655 mounts FinancialCaseDialog WITHOUT initialCase and WITHOUT onCaseChange; FinancialCaseDialog never forwards onCaseChange to FinancialCaseView; useFinancialCase's markDirty calls onCaseChange?.() which is undefined, and the path terminates there - no request is ever attempted. src/services/ideaFinance/* contains zero fetch/axios/api calls. server/src/routes has zero financial-case route and server/migrations has zero financial-case table. So the dialog silently DISCARDS the user's driver edits on close. Also disproved the old theory that it would ride on E08's JSON blob: IdeaBusinessCaseSections has 14 fixed keys, none financial or driver-shaped, and IdeaTableTool references no business-case code at all - structurally incompatible without a schema change, not merely unwired.","orchestrator-verified 2026-08-11 independently of the stream: read the mount site (no onCaseChange prop), grepped server/src + server/migrations for any financial-case route or table (zero), and queried the live isolated DB 127.0.0.1:54331 for any %financ%case% table (0 rows). Absence is also pinned by a test: tests/components/MyWork/table/financial/FinancialCaseDialog.noPersistence.test.tsx adds a driver, closes, reopens, asserts it is gone and that fetch was called ZERO times - 1 passed, exit 0. Negative control: injecting a fake fetch into markDirty turns it red.",P1,"OPEN - CONFIRMED GAP, deliberately NOT built. Blast radius is limited because the feature flag (src/utils/ideaFinancialCaseFlag.ts, isIdeaFinancialCaseEnabled) defaults OFF - the flag is real, not a phantom, and gates a genuine mount. Closing it needs: an additive idea_financial_cases table (own table, not a 15th business-case key); a service + org-scoped GET/PUT routes mirroring ideaBusinessCaseService/ideaBusinessCase.routes; an API client; wiring initialCase and a debounced onCaseChange at IdeaTableTool.tsx:4655; a decision on save granularity; and a Gate-3-style real-DB persistence test. That is a feature and needs the owner's decision, so this stream established the truth and sized the gap rather than inventing a persistence layer to make the answer look nicer."
RISK-13,E10 / repo-wide,test-failure,"tests/unit/mindmap/dp5HeuristicAiGating.test.tsx: 3 tests under 'DP-5: AIActionsPopover heuristic action gating' fail because the test's react-i18next mock's t(key, defaultValue) ignores the defaultValue argument and always returns the raw key, while AIActionsPopover.tsx correctly calls t(a.tkey, a.labelEn) with a real fallback - a TEST-MOCK gap, not a product i18n bug (production i18next honors the defaultValue). S3-AB (2026-08-12) A/B'd the exact same 3 failing test names, byte-identical failure messages, on both origin/demo@9d17cac114 (baseline) and HEAD@edb38d6a29 (candidate). Confirmed GENUINELY PRE-EXISTING, not this program's regression.","S3-AB 2026-08-12: `npx vitest run tests/unit/mindmap/dp5HeuristicAiGating.test.tsx --retry=0 --reporter=json` on both worktrees. Candidate: 11 total (8 passed/3 failed) - 3 extra passing tests vs baseline are the candidate's own new NodeContextMenu/PaneContextMenu renaming tests, unrelated to this finding. Baseline: 8 total (2 passed/6 failed) - baseline lacks PaneContextMenu import entirely (older API). The 3 'AIActionsPopover heuristic action gating' failures are IDENTICAL by full test name and TypeError on both sides (TestingLibraryElementError: Unable to find an element with the text: Auto-clustering / Gap analysis).",P2,"OPEN (confirmed pre-existing via direct A/B, test-mock defaultValue gap, both SHAs measured)"
RISK-14,shared,test-failure,"Roving-tabindex gaps in the shared CanvasContextMenu component - this program's OWN regression, introduced by its first commit 93ebc3aa20 (E00 forward-port), NOT pre-existing (correcting the prior mislabelling on this list). Already bisected and fixed within this program at commit d31dd37bd4 ('Gate 4 fix wave'), before HEAD edb38d6a29. S3-AB (2026-08-12) independently re-confirmed via direct A/B and a fresh bisection: origin/demo@9d17cac114 passes 9/9 (predates the regression); 93ebc3aa20 fails 6/9 (2 in IdeaCanvasContextMenu.cb05.test.tsx, 4 in whiteboardContextMenu.keyboard.integration.test.tsx); d31dd37bd4 passes 9/9 (fix); HEAD edb38d6a29 passes 9/9 (fix holds).","S3-AB 2026-08-12, `npx vitest run src/components/MyWork/__tests__/IdeaCanvasContextMenu.cb05.test.tsx src/components/MyWork/canvas/__tests__/whiteboardContextMenu.keyboard.integration.test.tsx --retry=0 --reporter=json`, run in 4 worktrees: origin/demo@9d17cac114 (baseline) 9/9 pass; 93ebc3aa20 (introducing commit, via temporary `git worktree add --detach`) 3/5 + 0/4 = 6/9 FAIL, exact same 6 test names as the program's own prior finding; d31dd37bd4 (fix commit) 9/9 pass; HEAD edb38d6a29 (candidate) 9/9 pass. Bisection worktrees removed after verification, no files changed in s3-ab or baseline-demo.",P2,"CLOSED (confirmed REGRESSION of this program, introduced 93ebc3aa20, fixed d31dd37bd4, holds at HEAD - bisection independently reproduced by S3-AB)"
RISK-15,E06,test-failure,"~10 ProcessFlowToolbar AI-panel-trigger test failures - NOT reproduced at that magnitude. S3-AB (2026-08-12) ran every ProcessFlowToolbar-adjacent test file found in the repo (ProcessFlowToolbar.cb05.test.tsx: 0/4 fail both sides; processflow-panels.test.tsx, which has the literal describe block 'ProcessFlowToolbar - AI panel triggers': 2/23 fail both sides, IDENTICAL test names/messages; IdeaProcessFlowTool.convertNode/edgeEditBar/error-state, generateReadback, processFlowAIProposal, processflow-hooks, ExportDialog.a11y: 1/36 fail both sides, IDENTICAL). Total observed AI-panel/ProcessFlow-related failures across all files checked: 2, both confirmed identical on baseline and candidate (genuinely pre-existing) - a much smaller count than '~10'. A prior stream's independent attempt (14_A11Y_LOCALE_PERF_REPORT.md) also could not reproduce the '~10' bucket and flagged it NOT VERIFIED.","S3-AB 2026-08-12, `npx vitest run --retry=0 --reporter=json` per file, A/B against origin/demo@9d17cac114: ProcessFlowToolbar.cb05.test.tsx 4/4 pass both; processflow-panels.test.tsx 21/23 pass both (2 identical failures: 1 in 'ProcessFlowToolbar - AI panel triggers > renders AI Proposal + Readback buttons and fires callbacks on click', 1 unrelated in 'ProcessFlow context menu helpers'); processFlowAIProposal.test.ts 1 identical failure ('localizes error copy to Polish when isPl and no server message') both sides; all other process-flow test files pass identically or are candidate-only-new/candidate-improved-over-baseline (useProcessFlowQuickActions.toolbarBus.test.tsx, processflow-editor-shell.test.tsx - baseline FAILS these, candidate PASSES: an improvement from this program, not a finding).",P3,"OPEN but OVERSTATED (confirmed pre-existing for 2 failures found, not ~10; magnitude claim not reproduced by direct measurement)"
RISK-16,E07,test-failure,"useTableSchema/useTableViews tests fail with ""t is not a function"" (i18n mock gap) - CONFIRMED genuinely pre-existing by S3-AB (2026-08-12) direct A/B, identical on both SHAs. Root cause: localizeHeader() in useTableSchema.ts:68 and useTableViews.ts:56 call t() from a context where the test's i18n mock/context does not supply it, throwing TypeError synchronously in every test in both files.","S3-AB 2026-08-12, `npx vitest run tests/unit/table/useTableSchema.test.ts tests/unit/table/useTableViews.test.ts --retry=0 --reporter=json`: candidate 21/21 fail, baseline 21/21 fail, IDENTICAL test names, identical error (TypeError: t is not a function, at localizeHeader) on both SHAs.",P3,"OPEN (confirmed pre-existing via direct A/B, identical 21/21 failures both SHAs)"
RISK-17,E07,test-failure,"AITableProposal and TablePlatformFrontend ""AI Table Builder"" test suites have pre-existing failures unrelated to this program's changes - CONFIRMED genuinely pre-existing by S3-AB (2026-08-12) direct A/B, identical on both SHAs for both files.","S3-AB 2026-08-12, `npx vitest run --retry=0 --reporter=json`: tests/unit/table/AITableProposal.test.tsx candidate 4/8 fail, baseline 4/8 fail, IDENTICAL; src/components/MyWork/table/__tests__/TablePlatformFrontend.test.tsx candidate 10/37 fail, baseline 10/37 fail, IDENTICAL test names (ViewRouter/GridView/degraded-posture/IdeaTableTool P15/Chat<->Table context/Record watch).",P3,"OPEN (confirmed pre-existing via direct A/B, identical failures both SHAs on both files)"
RISK-18,E07,test-failure,"RowDetailPanel.comments test suite has pre-existing failures unrelated to this program's changes - CONFIRMED genuinely pre-existing by S3-AB (2026-08-12) direct A/B, identical on both SHAs.","S3-AB 2026-08-12, `npx vitest run src/components/MyWork/table/__tests__/RowDetailPanel.comments.test.tsx --retry=0 --reporter=json`: candidate 5/5 fail, baseline 5/5 fail, IDENTICAL test names.",P3,"OPEN (confirmed pre-existing via direct A/B, identical 5/5 failures both SHAs)"
RISK-19,E13,visual,"The doc-11 SS6/SS3.6 visual/CX matrix (3 viewports x light/dark x PL/EN x 100/200% zoom, hard-FAIL checklist, owner sign-off) has not run against this or any SHA in this program. Wave 5 captured 8 raw screenshots only.","00_PROGRAM_STATUS_AND_VERSION.md Current-state reconciliation, Program F/E13 rows. || owner review 2026-08-11 of screenshots/fix__processflow__zoom200reflow__720x450__light__pl.png",P1,"PARTIALLY RESOLVED 2026-08-11. The rejected collision is FIXED and re-verified across a 24-cell matrix (Process Flow + Whiteboard x pl/en x light/dark x 720x450, 1280x800, 1440x900), 24 distinct checksums, every cell judged on 'Menu 2 clear? / rail clear?'; the orchestrator opened the originally-rejected cell and the hardest dark/en cell itself. focus-visible captures (40) and contrast measurement (87 controls) are now DONE. STILL OPEN and why Gate 4 stays FIX_REQUIRED: three measured contrast failures (RISK-35), and the owner's acceptance has not been sought - and must not be until those close."
RISK-20,E15,program,"E15 (final regression and evidence closure - two clean rounds, exact-SHA evidence, Codex handoff) has not started.",00_PROGRAM_STATUS_AND_VERSION.md Program H / E15 rows; RESUME_HANDOFF.md SS6. || 20_E15_TWO_CLEAN_ROUNDS.md; orchestrator ran both rounds itself with --reporter=json,P1,"RESOLVED 2026-08-11 on the CORRECTED scope. Two consecutive clean rounds over 208 files / 1239 tests (baseline 155 / 887): 0 files lost tests, 0 new failing tests, 13 fixed, and ZERO differences between round 1 and round 2. Scope is now proven from each run's own JSON - 208 files, 59 colocated, whiteboardContextMenu present - not from the typed command line. The withdrawn rounds measured 146/0/False. Evidence: 20_E15_TWO_CLEAN_ROUNDS.md RE-RUN section."
RISK-21,program-wide,process-integrity,"This program's own history contains two independently-caught overclaims: (1) a remediation agent stated 36/36 QG-02 rows were verified 'not on the auditors word' when 4 had a registered id but no rewired call site, caught by orchestrator re-verification and reverted before landing; (2) an earlier QG-02 status line claimed RESOLVED while its own text admitted none of 31 class-(d) rows were fixed, corrected to PARTIAL. Both were caught and fixed within this program, not by an external reviewer - cited as a reason to keep verifying rather than trusting any single commit body at face value, including this delivery package's own reports.",deb103fcde commit body; 03_CODEX_QUALITY_BACKLOG.md QG-02 correction-of-record paragraph.,P2,"RESOLVED (both instances), pattern flagged as an ongoing verification discipline risk"
RISK-22,E12,product gap,"my_ideas.confidentiality can be READ and ENFORCED but can never be SET: there is no HTTP write route anywhere in server/src/routes, the create route (my-work.routes.ts ~L2837) omits the column from insertColumns, the update route (~L3142) enumerates title/body/tags/branch/area/priority/stage/is_favorite/folder_id and not confidentiality, the GET route does not even SELECT it back, and server/src/services/ideaConfidentiality.ts exports ONLY two readers (getIdeaConfidentiality, isIdeaRestricted) with no companion writer. Consequence: the E12 protection proven at runtime is DORMANT in production - no Idea can ever reach the 'restricted' state that triggers it. The E12 test suite sets the value with a raw SQL UPDATE in its own harness, which proves the read-gate and says nothing about a write path.","orchestrator-verified 2026-08-10: grep of my-work.routes.ts for a writable confidentiality field returns zero non-comment hits; ideaConfidentiality.ts exports exactly 2 functions, both readers. See 13_RUNTIME_GATE_EVIDENCE.md and the gate3 persistence suite, which asserts the absence explicitly rather than fabricating a save path. || orchestrator-verified: E12 suite 6/6 exit 0; audit payload read back from the live table showing restricted -> standard",P1,"PARTIALLY RESOLVED. The write path now exists: PUT /my-ideas/:id accepts confidentiality validated against standard|confidential|restricted (400 before it can reach the DB CHECK), both GET routes return it feature-detected, and the IDEA_UPDATE audit event now carries it in before/after. The full HTTP chain is proven (8th persistence chain, two non-vacuous sabotages). STILL OPEN: there is no UI anywhere to set the value, so in practice no Idea can be marked restricted by a user - the protection remains dormant in the product until a control ships. A UI needs a prototype and the owner's acceptance first (rule #7) and was deliberately NOT built."
RISK-23,E11,silent default masking a missing write,"my_idea_conversions.mapping_version carries a Postgres column DEFAULT 'v1', so a code path that never writes the value still reads back 'v1' and looks correct. An omission-style test assertion against this column is VACUOUS. Caught during Gate 3: the first sabotage attempt (disabling the INSERT of mapping_version) left the suite GREEN; only sabotaging the written CONSTANT itself turned it red.","orchestrator-verified 2026-08-10: gate3-persistence-coldreopen.realdb.test.ts negative control C, documented in that file and in 13_RUNTIME_GATE_EVIDENCE.md.",P2,MITIGATED in the test (assertion rewritten to be falsifiable) - but the same trap applies to every other column in this schema with a non-null DEFAULT
RISK-24,program-wide,test infrastructure,"Full-repo schema convergence is broken on a fresh database by BOTH runners: server/scripts/migrate.postgres.ts reports 583 pending migrations, and tests/acceptance/schema.mjs applies 615 of 787 files (172 never apply) and exits 1. The 1011-table database used for all runtime evidence in this program is therefore a PARTIAL schema that happens to contain every table these tests need.",orchestrator-observed 2026-08-10 on two independent ephemeral clusters (127.0.0.1:54329 and :54331).,P2,"OPEN - pre-existing, outside this program's scope, but it means no one may claim 'the schema builds' on the strength of this program's evidence"
RISK-25,E14,locale,"FOUR whole features were fully wired with t() and had ZERO entries in any locale file, so every one of their strings silently rendered the English developer fallback in Polish: formBuilder.*, formsIndex.*, interfacesIndex.*, ideas.financial.*. 210 unique missing keys in total. This is the sneaky class of locale defect: the code looks localized, the review passes, and the Polish user sees English. A leaf-name grep reports such keys as PRESENT, because leaf names repeat across the file - only walking the full dotted path finds them.","orchestrator-verified 2026-08-10: AST sweep of 241 files / 2647 t() call sites, every key path walked in pl and en. Guard added at tests/unit/i18n/idea-workspace-required-keys.test.ts, which re-derives its scope from the AST at run time so it also catches future regressions. Negative control by the orchestrator: deleting one key turns it red naming the key and every call site; restoring it turns it green.",P1,"RESOLVED for pl and en (all 210 added, real Polish, not calques). See RISK-26 for the other locales."
RISK-26,E14,locale coverage,"public/locales also contains de, ar, jp, es. The 210 keys added in this program went into pl and en ONLY, so those four locales still fall back to the English developer default for the new keys. This is NOT a regression - they had no entry before either - but it must not be read as 'localization is done'.","orchestrator-verified 2026-08-10: the locale directory listing is pl, ja, ar, de, es, jp, en; only pl and en were edited.",P3,"OPEN and deliberate - out of the stated scope, recorded rather than silently skipped"
RISK-27,E14,accessibility,"Modal-style overlays in the Idea Workspace had no dialog semantics at all: no role=dialog, no aria-modal, no accessible name, no Escape, no focus trap, no focus restore. A screen-reader user could not tell a modal had opened; a keyboard user could tab out of it into the page behind.","orchestrator-verified 2026-08-11: the full a11y suite across mindmap/table/whiteboard/processflow/ui __tests__ runs 197 tests with only the two known pre-existing files failing (RowDetailPanel.comments, TablePlatformFrontend). Own duplicate-hook audit across all of src/ found zero components with two useDialogA11y calls and zero orphan refs. Negative controls across the waves: removing role=dialog, removing the hook, and removing focus wiring each turn their tests red with precise assertions.",P1,"RESOLVED. All 74 modal overlays converted (15 + 43 + 16 across three waves); 2 were already correct; 4 are deliberately NOT dialogs (anchored single-click popovers: RowTemplatePicker, RecordTemplateManager's TemplateDropdown, plus the previously classified set) and are recorded as such rather than silently skipped. Three real bugs surfaced while converting: the native-autoFocus focus-restore race (RISK-28), a bespoke mount-focus useEffect doing the same thing, and - found in the last wave - a NESTED-dialog Escape bug where one keypress fired both the inner and outer onClose, fixed by suspending the outer hook while a nested dialog is open. The popover-vs-dialog classification of the 4 exclusions is an engineering judgment call and is flagged for the owner rather than presented as settled."
RISK-28,E14,accessibility - subtle,"Native HTML autoFocus on a modal's first input silently breaks focus restore: it fires during React's synchronous DOM commit, BEFORE any useEffect runs, so it races ahead of the a11y hook's mount-time capture of the previously-focused element. The dialog then never returns focus to its trigger on close, even though the hook is correctly wired. Affected five components; fixed by removing autoFocus in favour of the hook's initialFocusRef.","orchestrator-verified 2026-08-10: found because the implementing stream's own tests went red, then confirmed with a debug harness - not reasoned from documentation.",P2,"RESOLVED in the five known cases; any FUTURE modal that reaches for autoFocus will reintroduce it, and no guard currently prevents that"
RISK-29,E13,visual,"CORRECTED 2026-08-10. Originally filed as two P1 product defects. The FIRST one is NOT a product defect: the clipped right properties panel exists only in the dev-render harness screen dev-render/screens/idea-table.tsx, which composes IdeasTableContent next to a fixed 320px ArtifactRightPanel inside a ROW flex. Production never does this - MyIdeasListContent.tsx:1785 mounts IdeasTableContent as the sole child of a COLUMN flex, with no sibling panel competing for width, and ArtifactRightPanel appears nowhere in the Ideas-table route at all. Mechanism: IdeasTableContent's root div lacked min-w-0, so as a row-flex child it refused to shrink below its ~1364px min-content width; 1364 + 320 = 1684 > 1440, pushing the panel off-canvas. SECOND finding stands: at 720x450 (zoom 200%) the floating archetype view-switcher pill overlaps the Menu-2 toolbar row on Whiteboard and Process Flow.","orchestrator-verified 2026-08-10 in BOTH directions. Original defect seen by eye on g4__table__baseline__1440x900__light__pl.png. Harness-not-product settled by grep (ArtifactRightPanel absent from MyIdeasListContent/MyWorkHub/IdeasTableContent) and by DOM measurement (scrollWidth 1684 before, 1440 after). Fix verified by eye on fix__table__rightpanel__1440x900__light__pl.png: all five headers (AKCJE, WLASCIWOSCI, POWIAZANIA, KOMENTARZE, HISTORIA/AI) render in full inside the canvas.",P2,"PARTIALLY RESOLVED. Harness fixed (dev-render only, zero production code touched) so the evidence is no longer misleading. CONSEQUENCE FOR THE EVIDENCE PACKAGE: all four g4__table__baseline__* screenshots were produced by the broken harness and must be RECAPTURED before Gate 4 can cite them - only light/pl has been recaptured so far. The zoom-200 overlap finding remains OPEN and unfixed."
RISK-30,E02/E10,false success,"`runLaneParamCallback` in src/actions/registry/runtimeHelpers.ts:787-821 returns `{ ok: true }` UNCONDITIONALLY for every lane action, because the dispatch is fire-and-forget (`window.dispatchEvent`) and ActionContext does not carry the live lane count. So although the human now sees a toast when a last-lane delete is refused, Teresa's own reply to the person chatting with her can still read as success. This is the program's signature anti-pattern - a layer reporting ok for work it never confirmed - one level up from the defect just fixed.",orchestrator-verified 2026-08-11 by reading the dispatch path; the same limitation is documented in the registry entry itself (processFlowActions.ts:732) rather than left implied-fixed.,P2,"OPEN. Closing it needs a synchronous ack from the quick-action bus, which affects all 6 lane_frame actions - a real architecture change, deliberately NOT attempted inside a defect-fix stream. The five sibling lane actions (rename / move-up / move-down / colour / toggle-collapse) have the same silent-boundary shape and are also untouched."
RISK-31,E06,scale,"Process Flow had NO node cap on any path (manual add, insert-between, split, AI ghost-accept, AI generate/expand, cross-tool conversion/import, paste, duplicate) and a super-linear mount cost - a prior session measured N=500 at 9.4-27.4 s and N=1000 at ~52.8 s.","guardrail: orchestrator-verified 2026-08-11 with its own sabotage - removing the guard from the paste/duplicate paths turns the wiring test red ('expected ... to have a length of 499 but got 501'), restoring it returns 17/17 green across the three cap suites. perf: the O(N^2) claim is a CODE-LEVEL argument traced through @reactflow/core (updateNodeInternals called once per node, each triggering an O(N) updateAbsoluteNodePositions sweep), NOT a re-measured timing.",P1,"PARTIALLY RESOLVED. The guardrail is real and tested: 500 hard block / 200 soft warning, reusing Whiteboard's existing convention rather than inventing a third; every node-adding path is covered and bulk adds are checked against the RESULTING count so a batch cannot jump the ceiling; refusal is visible in pl and en (myWorkIdeas.processFlowTool.nodeLimitReached / nodeLimitWarning, both verified on the full dotted path). The PERFORMANCE fix is NOT confirmed by measurement: the post-fix benchmark did not complete at N>=500 under machine contention, and N=100 came back slower than pre-fix purely from CPU load. Do NOT read the perf change as proven - only the guardrail is."
RISK-32,E14,accessibility,"FORWARD TAB IS GLOBALLY HIJACKED, so keyboard navigation is impossible while a canvas tool is open. useIdeasToolKeyboard.ts:204 binds with `containerRef?.current || document` and NEITHER caller passes a containerRef (IdeaProcessFlowTool.tsx:2643, IdeaWhiteboardTool.tsx:3975), so the keydown listener sits on `document`. Line 160 intercepts Tab, calls preventDefault() and runs 'add child'/'add step' - anywhere on the page. The only guard, isInputActive() (line 49), excludes input/textarea/select/contenteditable but NOT buttons, links or tabs, which is precisely what a keyboard user tabs between.","orchestrator-verified 2026-08-11 INDEPENDENTLY of the reporting stream: read the listener target and both call sites; neither passes containerRef. Also captured in the 40-shot focus matrix, where forward Tab never moved focus in any of the three canvas tools.",P0,"RESOLVED 2026-08-11 (d31dd37bd4). Canvas grammar keys (Tab/Enter/F2/Delete/Escape) are now gated on real focus containment via the new src/components/MyWork/canvas/canvasFocusScope.ts; both callers pass a real containerRef. The deliberately-global Ctrl+Z/S/etc contract was left untouched on purpose - scoping it too broadly broke IdeaWhiteboardTool.drawUndo.test.tsx, which fires Ctrl+Z on document with nothing focused and asserts it still undoes. Negative control: removing the containment check reproduces 'expected vi.fn() to not be called at all, but actually been called 1 times'."
RISK-33,E14,accessibility,Shift+Tab on Mind Map SPAWNS a real empty child node with its type-picker open - reproducible on a fresh page with zero clicks. A pure navigation key produces a document mutation.,"reported by the focus/contrast stream from live keyboard interaction, not from code reading; root cause not pinned within that stream's budget. || CORROBORATED by the orchestrator 2026-08-11: the spawned node is visible IN the focus evidence itself - screenshots/g4focus__mindmap__cta-convert__light__pl.png shows an empty 'Wpisz...' node mid-canvas with its type picker (Key insight / Open question / Action item / Evidence needed / Hypothesis) open, caught incidentally while capturing a focus ring on an unrelated control. The same capture also shows the Konwertuj CTA carrying a proper visible focus ring, so the shot is genuine, not a broken render.",P0,"RESOLVED 2026-08-11 (d31dd37bd4). Root cause pinned: IdeaRecommendationMap's Tab branch was missing !e.shiftKey, reachable through a noRealFocus loophole that treated document.body as 'inside the map' - true on a fresh page before anything is focused. Both fixed; the grammar check moved into the shared mindmapKeyboardScope.ts. Negative control: removing !e.shiftKey reproduces 'expected add_child to be null'."
RISK-34,E14,accessibility,"Canvas nodes in all three canvas tools (Mind Map, Whiteboard, Process Flow) have ZERO visible :focus-visible styling - outline:none and box-shadow:none, confirmed both by computed style and by eye across 40 captures. A keyboard user cannot see what is focused.","docs/qa/ideas-complete-transformation-2026-08-09/21_FOCUS_AND_CONTRAST.md finding F-01, with screenshots.",P1,"RESOLVED 2026-08-11 (d31dd37bd4). Cause was upstream: reactflow's own stylesheet ships '.react-flow__node.selectable:focus-visible { outline: none }' and only compensates for its four BUILT-IN node classes, none of which this product's custom node types use. A same-specificity override was added once per tool (mindmap-effects.css, whiteboard-canvas.css, processflow-canvas.css) using --c-focus-solid - the canon blue, never primary-*. Negative control: deleting the rule reproduces 'expected an active (non-comment) .react-flow__node.selectable:focus-visible rule'."
RISK-35,E14,contrast,Three measured WCAG failures: Idea Table row-actions kebab icon 1.93:1 light and 1.61:1 dark against the 3:1 UI-component floor; Mind Map dark 'L2' node badge 3.22:1 against 4.5:1; Process Flow light 'Klient' swimlane label 4.43:1 (hairline miss). 87 controls measured in total.,"measured 2026-08-11 by computed-style ancestor-walk compositing (alpha-aware), cross-verified by pixel sampling wherever a backdrop-filter blur layer was involved. The stream also RETRACTED one of its own claims after pixel-sampling disproved a suspected dark-theme failure - the composited-background rule this program adopted after publishing one wrong figure held up.",P2,"OPEN - reported, not fixed; no crimson focus rings were found in the four tools, so nothing fell inside the unambiguous-token-violation fix scope"
RISK-36,E07,scale,"The Idea Table rendered EVERY row into real DOM with no cap anywhere, and CSV import was completely unbounded. A prior measurement: N=100 ~880 ms mount, N=1,000 ~6 s, and N=5,000 OOM-crashed the process even with an 8 GB heap. A consultant importing a real spreadsheet could hard-crash the tool.","orchestrator-verified 2026-08-11 with its own sabotage: raising MAX_TABLE_ROWS to 10,000,000 turns the suites red ('expected 10000000 to be 500', 'expected [ Array(600) ] to have a length of 500 but got 600'); restoring returns 17/17 green. Three further negative controls by the implementing stream (gutting applyCsvImportCap, stripping the guard call from handleCSVImport, forcing the banner condition false) each went red with precise assertions.",P1,"PARTIALLY RESOLVED. A hard render cap of 500 plus an explicit CSV-import guard, chosen over virtualization with the reasoning recorded in tableRowLimits.ts: IdeaTableTool is ~5,100 lines with sticky header, column resize/reorder, inline editing, grouping and keyboard nav wired straight to real tr/td nodes, so a partial windowing that broke editing or selection would be worse than a well-built guard. Nothing is silently dropped - the banner reads 'showing first N of M' and the import either refuses or reports exactly how many rows were skipped, in pl and en (ideas.table.rowRenderCapBanner / csvImportBlockedAtCap / csvImportTruncatedAtCap, all three verified on the full dotted path). STILL OPEN: (1) post-fix behaviour at N=5,000 and N=10,000 is NOT MEASURED - the cap bounds DOM cost by construction and the N=1,000 case was measured dropping from 1,000 to 500 rendered rows, which is a structural fact rather than a timing, but the OOM ceiling was not re-tested; (2) only CSV import has its own explicit guard - the other multi-row-add paths (AI add rows, framework apply, duplicate) are protected only by the render cap, so they can still inflate the underlying data set without telling the user; (3) virtualization remains the better long-term answer and is not done."
RISK-37,E03/E14,accessibility regression,"The shared CanvasContextMenu loses keyboard focus on close and never implements roving tabindex. After Escape, focus lands on document.body instead of returning to the element that opened the menu (node, edge or pane), and no [role=menuitem] ever carries tabIndex>=0. Affects all seven consumers: Mind Map pane/node/edge, Whiteboard edge, Process Flow, Idea canvas, Table.","orchestrator-bisected 2026-08-11 across nine commits: src/components/MyWork/canvas/__tests__/whiteboardContextMenu.keyboard.integration.test.tsx passes 4/4 at origin/demo (9d17cac114) and fails 4/4 from 93ebc3aa20 onward - this program's FIRST commit, 'E00: forward-port Ideas navigation/context-menu unification'.",P1,"RESOLVED 2026-08-11. Root cause: closeAndRestore scheduled focus restore in a requestAnimationFrame, but onClose() unmounts the menu synchronously inside the same React flush, so the rAF never ran before any assertion or, for a real user, before focus had already been lost to body. Replaced with an unmount-effect cleanup mirroring useDialogA11y's canonical restore. Roving tabindex added via an activeItemId state that follows the native focus event, so every existing focus-moving call site (open-focus, Arrow keys, Home/End) updates it without bespoke wiring. Named test 4/4 green and MATCHES origin/demo's 4/4 - orchestrator ran both sides; the test file was not modified. Orchestrator's own sabotage (removing the roving tabIndex) reproduces 'expected -1 to be greater than or equal to 0'. It also fixed 2 further tests in IdeaCanvasContextMenu.cb05 that were silently broken by the same cause and equally invisible under the old scope. Dead code noted: useAccessibleMenu.ts implements roving tabindex correctly and is imported by nothing."
