product,scope_type,asset_slug,relative_path,is_archive,format_family,has_hero,has_analytical,has_social,numbered_style,has_objective_label,has_negative_prompt_label,has_avoid_label,has_aspect_ratio_or_framing,has_no_text_or_overlay_note,quality_band,recommended_priority,issue_flags
Consultify,blog,01_why_traditional_consulting_is_broken,Consultify/Blog/01_why_traditional_consulting_is_broken/image-prompts.md,false,bullet_objective_scene_style,true,true,true,false,true,true,false,true,true,A,P2,none
Consultify,blog,02_10_questions_before_buying_ai_consulting_platform,Consultify/Blog/02_10_questions_before_buying_ai_consulting_platform/image-prompts.md,false,bullet_objective_scene_style,true,true,true,false,true,true,false,true,true,A,P2,none
Consultify,blog,03_first_30_minutes_in_consultify,Consultify/Blog/03_first_30_minutes_in_consultify/image-prompts.md,false,bullet_objective_scene_style,true,true,true,false,true,true,false,true,true,A,P2,none
Consultify,blog,04_roi_calculator_guide,Consultify/Blog/04_roi_calculator_guide/image-prompts.md,false,bullet_objective_scene_style,true,true,true,false,true,true,false,true,true,A,P2,none
Consultify,blog,05_ai_driven_swot,Consultify/Blog/05_ai_driven_swot/image-prompts.md,false,bullet_objective_scene_style,true,true,true,false,true,true,false,true,true,A,P2,none
Consultify,blog,06_scenario_planning,Consultify/Blog/06_scenario_planning/image-prompts.md,false,bullet_objective_scene_style,true,true,true,false,true,true,false,true,true,A,P2,none
Consultify,blog,07_competitive_intelligence,Consultify/Blog/07_competitive_intelligence/image-prompts.md,false,bullet_objective_scene_style,true,true,true,false,true,true,false,true,true,A,P2,none
Consultify,blog,08_strategic_alignment,Consultify/Blog/08_strategic_alignment/image-prompts.md,false,bullet_objective_scene_style,true,true,true,false,true,true,false,true,true,A,P2,none
Consultify,blog,09_data_first_strategy,Consultify/Blog/09_data_first_strategy/image-prompts.md,false,bullet_objective_scene_style,true,true,true,false,true,true,false,true,true,A,P2,none
Consultify,blog,10_decision_latency,Consultify/Blog/10_decision_latency/image-prompts.md,false,bullet_objective_scene_style,true,true,true,false,true,true,false,true,true,A,P2,none
Consultify,blog,11_strategic_reporting,Consultify/Blog/11_strategic_reporting/image-prompts.md,false,bullet_objective_scene_style,true,true,true,false,true,true,false,true,true,A,P2,none
Consultify,blog,12_okr_management,Consultify/Blog/12_okr_management/image-prompts.md,false,bullet_objective_scene_style,true,true,true,false,true,true,false,true,true,A,P2,none
Consultify,blog,13_why_board_updates_should_come_from_live_transformation_systems,Consultify/Blog/13_why_board_updates_should_come_from_live_transformation_systems/image-prompts.md,false,bullet_objective_scene_style,true,true,true,false,true,true,true,true,true,A,P2,none
Consultify,blog,14_why_strategy_workshops_fail_without_execution_system,Consultify/Blog/14_why_strategy_workshops_fail_without_execution_system/image-prompts.md,false,bullet_objective_scene_style,true,true,true,false,true,true,true,true,true,A,P2,none
Consultify,blog,15_how_to_keep_transformation_roi_visible_after_kickoff,Consultify/Blog/15_how_to_keep_transformation_roi_visible_after_kickoff/image-prompts.md,false,bullet_objective_scene_style,true,true,true,false,true,true,true,true,true,A,P2,none
Consultify,blog,16_why_steering_committees_fail_when_the_system_is_static,Consultify/Blog/16_why_steering_committees_fail_when_the_system_is_static/image-prompts.md,false,bullet_objective_scene_style,true,true,true,false,true,true,true,true,true,A,P2,none
Consultify,blog,17_why_transformation_programs_need_one_source_of_truth,Consultify/Blog/17_why_transformation_programs_need_one_source_of_truth/image-prompts.md,false,bullet_objective_scene_style,true,true,true,false,true,true,true,true,true,A,P2,none
Consultify,blog,18_how_to_turn_leadership_decisions_into_owned_initiatives,Consultify/Blog/18_how_to_turn_leadership_decisions_into_owned_initiatives/image-prompts.md,false,bullet_objective_scene_style,true,true,true,false,true,true,true,true,true,A,P2,none
Consultify,blog,19_why_transformation_portfolios_fail_without_live_prioritization,Consultify/Blog/19_why_transformation_portfolios_fail_without_live_prioritization/image-prompts.md,false,bullet_objective_scene_style,true,true,true,false,true,true,true,true,true,A,P2,none
Consultify,blog,20_how_to_keep_leadership_alignment_after_the_offsite,Consultify/Blog/20_how_to_keep_leadership_alignment_after_the_offsite/image-prompts.md,false,bullet_objective_scene_style,true,true,true,false,true,true,true,true,true,A,P2,none
Consultify,blog,21_how_to_defend_transformation_investment_with_live_value_evidence,Consultify/Blog/21_how_to_defend_transformation_investment_with_live_value_evidence/image-prompts.md,false,bullet_objective_scene_style,true,true,true,false,true,true,true,true,true,A,P2,none
Consultify,blog,22_what_monthly_transformation_reviews_should_actually_decide,Consultify/Blog/22_what_monthly_transformation_reviews_should_actually_decide/image-prompts.md,false,bullet_objective_scene_style,true,true,true,false,true,true,true,true,true,A,P2,none
Consultify,blog,23_how_to_run_quarterly_transformation_resets_without_losing_momentum,Consultify/Blog/23_how_to_run_quarterly_transformation_resets_without_losing_momentum/image-prompts.md,false,bullet_objective_scene_style,true,true,true,false,true,false,true,true,true,A,P2,none
Consultify,blog,24_what_a_transformation_pmo_should_track_every_week,Consultify/Blog/24_what_a_transformation_pmo_should_track_every_week/image-prompts.md,false,bullet_objective_scene_style,true,true,true,false,true,false,true,true,true,A,P2,none
Consultify,blog,25_how_to_cut_dead_initiatives_without_political_drift,Consultify/Blog/25_how_to_cut_dead_initiatives_without_political_drift/image-prompts.md,false,bullet_objective_scene_style,true,true,true,false,true,false,true,true,true,A,P2,none
Consultify,blog,26_when_to_replan_a_transformation_portfolio_and_when_to_hold_course,Consultify/Blog/26_when_to_replan_a_transformation_portfolio_and_when_to_hold_course/image-prompts.md,false,bullet_objective_scene_style,true,true,true,false,true,false,true,true,true,A,P2,none
Consultify,blog,27_how_to_make_strategy_assumptions_visible_before_the_board_review,Consultify/Blog/27_how_to_make_strategy_assumptions_visible_before_the_board_review/image-prompts.md,false,bullet_objective_scene_style,true,true,true,false,true,false,true,true,true,A,P2,none
Consultify,blog,28_why_transformation_capacity_breaks_before_strategy_does,Consultify/Blog/28_why_transformation_capacity_breaks_before_strategy_does/image-prompts.md,false,bullet_objective_scene_style,true,true,true,false,true,false,true,true,true,A,P2,none
Consultify,blog,29_how_to_link_transformation_initiatives_to_budget_reality,Consultify/Blog/29_how_to_link_transformation_initiatives_to_budget_reality/image-prompts.md,false,bullet_objective_scene_style,true,true,true,false,true,false,true,true,true,A,P2,none
Consultify,blog,30_what_executive_sponsors_should_never_delegate_in_transformation,Consultify/Blog/30_what_executive_sponsors_should_never_delegate_in_transformation/image-prompts.md,false,bullet_objective_scene_style,true,true,true,false,true,false,true,true,true,A,P2,none
Consultify,blog,31_how_to_build_a_live_transformation_risk_register,Consultify/Blog/31_how_to_build_a_live_transformation_risk_register/image-prompts.md,false,bullet_objective_scene_style,true,true,true,false,true,false,true,true,true,A,P2,none
Consultify,blog,32_when_a_transformation_program_needs_intervention_not_more_reporting,Consultify/Blog/32_when_a_transformation_program_needs_intervention_not_more_reporting/image-prompts.md,false,bullet_objective_scene_style,true,true,true,false,true,false,true,true,true,A,P2,none
Consultify,blog,33_how_to_design_a_sponsor_cadence_that_actually_changes_transformation_outcomes,Consultify/Blog/33_how_to_design_a_sponsor_cadence_that_actually_changes_transformation_outcomes/image-prompts.md,false,bullet_objective_scene_style,true,true,true,false,true,false,true,true,true,A,P2,none
Consultify,blog,34_when_a_transformation_portfolio_should_stop_funding_an_initiative,Consultify/Blog/34_when_a_transformation_portfolio_should_stop_funding_an_initiative/image-prompts.md,false,bullet_objective_scene_style,true,true,true,false,true,false,true,true,true,A,P2,none
Consultify,blog,35_what_a_good_escalation_path_looks_like_in_cross_functional_programs,Consultify/Blog/35_what_a_good_escalation_path_looks_like_in_cross_functional_programs/image-prompts.md,false,bullet_objective_scene_style,true,true,true,false,true,false,true,true,true,A,P2,none
Consultify,blog,36_how_to_reduce_governance_debt_in_large_transformation_programs,Consultify/Blog/36_how_to_reduce_governance_debt_in_large_transformation_programs/image-prompts.md,false,bullet_objective_scene_style,true,true,true,false,true,false,true,true,true,A,P2,none
Consultify,blog,37_when_transformation_metrics_start_driving_the_wrong_behavior,Consultify/Blog/37_when_transformation_metrics_start_driving_the_wrong_behavior/image-prompts.md,false,bullet_objective_scene_style,true,true,true,false,true,false,true,true,true,A,P2,none
Consultify,blog,38_how_to_keep_strategy_reviews_from_turning_into_narrative_theater,Consultify/Blog/38_how_to_keep_strategy_reviews_from_turning_into_narrative_theater/image-prompts.md,false,bullet_objective_scene_style,true,true,true,false,true,false,true,true,true,A,P2,none
Consultify,blog,39_what_executives_should_require_before_approving_the_next_wave_of_change,Consultify/Blog/39_what_executives_should_require_before_approving_the_next_wave_of_change/image-prompts.md,false,bullet_objective_scene_style,true,true,true,false,true,false,true,true,true,A,P2,none
Consultify,blog,40_how_to_prove_transformation_value_before_the_full_program_finishes,Consultify/Blog/40_how_to_prove_transformation_value_before_the_full_program_finishes/image-prompts.md,false,bullet_objective_scene_style,true,true,true,false,true,false,true,true,true,A,P2,none
Consultify,blog,41_when_a_transformation_team_is_overloaded_even_if_the_plan_looks_green,Consultify/Blog/41_when_a_transformation_team_is_overloaded_even_if_the_plan_looks_green/image-prompts.md,false,bullet_objective_scene_style,true,true,true,false,true,false,true,true,true,A,P2,none
Consultify,blog,42_how_to_reset_transformation_control_after_a_missed_quarter,Consultify/Blog/42_how_to_reset_transformation_control_after_a_missed_quarter/image-prompts.md,false,bullet_objective_scene_style,true,true,true,false,true,false,true,true,true,A,P2,none
Consultify,blog,43_how_to_define_decision_rights_in_a_transformation_operating_system,Consultify/Blog/43_how_to_define_decision_rights_in_a_transformation_operating_system/image-prompts.md,false,bullet_objective_scene_style,true,true,true,false,true,false,true,true,true,A,P2,none
Consultify,blog,44_what_a_board_ready_transformation_packet_should_include_every_time,Consultify/Blog/44_what_a_board_ready_transformation_packet_should_include_every_time/image-prompts.md,false,bullet_objective_scene_style,true,true,true,false,true,false,true,true,true,A,P2,none
Consultify,blog,45_when_to_rewrite_a_transformation_business_case_and_when_not_to,Consultify/Blog/45_when_to_rewrite_a_transformation_business_case_and_when_not_to/image-prompts.md,false,bullet_objective_scene_style,true,true,true,false,true,false,true,true,true,A,P2,none
Consultify,blog,46_how_to_manage_transformation_assumptions_without_spreadsheet_chaos,Consultify/Blog/46_how_to_manage_transformation_assumptions_without_spreadsheet_chaos/image-prompts.md,false,bullet_objective_scene_style,true,true,true,false,true,false,true,true,true,A,P2,none
Consultify,blog,47_what_a_good_transformation_capacity_model_should_make_visible,Consultify/Blog/47_what_a_good_transformation_capacity_model_should_make_visible/image-prompts.md,false,bullet_objective_scene_style,true,true,true,false,true,false,true,true,true,A,P2,none
Consultify,blog,48_when_change_exhaustion_is_a_governance_problem_not_a_people_problem,Consultify/Blog/48_when_change_exhaustion_is_a_governance_problem_not_a_people_problem/image-prompts.md,false,bullet_objective_scene_style,true,true,true,false,true,false,true,true,true,A,P2,none
Consultify,blog,49_how_to_keep_a_transformation_pmo_from_becoming_a_reporting_factory,Consultify/Blog/49_how_to_keep_a_transformation_pmo_from_becoming_a_reporting_factory/image-prompts.md,false,bullet_objective_scene_style,true,true,true,false,true,false,true,true,true,A,P2,none
Consultify,blog,50_how_to_turn_transformation_management_into_a_repeatable_operating_system,Consultify/Blog/50_how_to_turn_transformation_management_into_a_repeatable_operating_system/image-prompts.md,false,bullet_objective_scene_style,true,true,true,false,true,false,true,true,true,A,P2,none
DBR77,blog,01_why_most_factories_still_run_on_guesswork,DBR77/Blog/01_why_most_factories_still_run_on_guesswork/image-prompts.md,false,objective_plus_prompt,true,true,true,false,true,true,false,true,true,A,P2,none
DBR77,blog,02_the_hidden_cost_of_poor_factory_decisions,DBR77/Blog/02_the_hidden_cost_of_poor_factory_decisions/image-prompts.md,false,objective_plus_prompt,true,true,true,false,true,true,false,true,true,A,P2,none
DBR77,blog,03_from_excel_to_ai_the_evolution_of_factory_management,DBR77/Blog/03_from_excel_to_ai_the_evolution_of_factory_management/image-prompts.md,false,objective_plus_prompt,true,true,true,false,true,true,false,true,true,A,P2,none
DBR77,blog,04_why_digital_transformation_fails_in_manufacturing,DBR77/Blog/04_why_digital_transformation_fails_in_manufacturing/image-prompts.md,false,objective_plus_prompt,true,true,true,false,true,true,false,true,true,A,P2,none
DBR77,blog,05_the_new_role_of_the_factory_ceo_in_the_ai_era,DBR77/Blog/05_the_new_role_of_the_factory_ceo_in_the_ai_era/image-prompts.md,false,objective_plus_prompt,true,true,true,false,true,true,false,true,true,A,P2,none
DBR77,blog,06_the_death_of_static_planning_in_manufacturing,DBR77/Blog/06_the_death_of_static_planning_in_manufacturing/image-prompts.md,false,objective_plus_prompt,true,true,true,false,true,true,false,true,true,A,P2,none
DBR77,blog,07_why_you_should_never_invest_in_automation_without_simulation,DBR77/Blog/07_why_you_should_never_invest_in_automation_without_simulation/image-prompts.md,false,objective_plus_prompt,true,true,true,false,true,true,false,true,true,A,P2,none
DBR77,blog,08_the_real_reason_your_factory_is_not_efficient,DBR77/Blog/08_the_real_reason_your_factory_is_not_efficient/image-prompts.md,false,objective_plus_prompt,true,true,true,false,true,true,false,true,true,A,P2,none
DBR77,blog,09_data_is_the_new_factory_floor,DBR77/Blog/09_data_is_the_new_factory_floor/image-prompts.md,false,objective_plus_prompt,true,true,true,false,true,true,false,true,true,A,P2,none
DBR77,blog,10_the_factory_of_the_future_is_not_automated_its_intelligent,DBR77/Blog/10_the_factory_of_the_future_is_not_automated_its_intelligent/image-prompts.md,false,objective_plus_prompt,true,true,true,false,true,true,false,true,true,A,P2,none
DBR77,page,01_ai_native_operating_system_for_industry,DBR77/Pages/01_ai_native_operating_system_for_industry/image-prompts.md,false,objective_plus_prompt,true,true,true,false,true,true,false,true,true,A,P2,none
DBR77,page,02_one_ecosystem_for_manufacturing_decisions,DBR77/Pages/02_one_ecosystem_for_manufacturing_decisions/image-prompts.md,false,objective_plus_prompt,true,true,true,false,true,true,false,true,true,A,P2,none
DBR77,page,03_decision_systems_in_manufacturing,DBR77/Pages/03_decision_systems_in_manufacturing/image-prompts.md,false,objective_plus_prompt,true,true,true,false,true,true,false,true,true,A,P2,none
DBR77,page,04_from_guesswork_to_governed_execution,DBR77/Pages/04_from_guesswork_to_governed_execution/image-prompts.md,false,objective_plus_prompt,true,true,true,false,true,true,false,true,true,A,P2,none
DBR77,page,05_simulate_run_automate_the_dbr77_operating_logic,DBR77/Pages/05_simulate_run_automate_the_dbr77_operating_logic/image-prompts.md,false,objective_plus_prompt,true,true,true,false,true,true,false,true,true,A,P2,none
DBR77,page,06_which_dbr77_product_fits_your_current_decision_bottleneck,DBR77/Pages/06_which_dbr77_product_fits_your_current_decision_bottleneck/image-prompts.md,false,objective_plus_prompt,true,true,true,false,true,true,false,true,true,A,P2,none
DBR77,persona,01_ceo_better_board_control_through_stronger_decision_systems,DBR77/Personas/01_ceo_better_board_control_through_stronger_decision_systems/image-prompts.md,false,objective_plus_prompt,true,true,true,false,true,true,false,true,true,A,P2,none
DBR77,persona,02_cfo_safer_capex_and_clearer_roi_in_manufacturing,DBR77/Personas/02_cfo_safer_capex_and_clearer_roi_in_manufacturing/image-prompts.md,false,objective_plus_prompt,true,true,true,false,true,true,false,true,true,A,P2,none
DBR77,persona,03_cto_reduce_tool_sprawl_and_strengthen_decision_architecture,DBR77/Personas/03_cto_reduce_tool_sprawl_and_strengthen_decision_architecture/image-prompts.md,false,objective_plus_prompt,true,true,true,false,true,true,false,true,true,A,P2,none
DBR77,persona,04_plant_manager_less_firefighting_more_control,DBR77/Personas/04_plant_manager_less_firefighting_more_control/image-prompts.md,false,objective_plus_prompt,true,true,true,false,true,true,false,true,true,A,P2,none
DT,blog,01_digital_twin_not_3d_model_decision_engine,DT/Blog/01_digital_twin_not_3d_model_decision_engine/image-prompts.md,false,bullet_objective_scene_style,true,true,true,false,true,true,false,true,true,A,P2,none
DT,blog,02_why_capex_decisions_should_be_simulated_before_they_are_approved,DT/Blog/02_why_capex_decisions_should_be_simulated_before_they_are_approved/image-prompts.md,false,label_objective_scene_style,true,true,true,false,true,true,false,true,true,A,P2,none
DT,blog,03_before_you_buy_a_robot_simulate_it_first,DT/Blog/03_before_you_buy_a_robot_simulate_it_first/image-prompts.md,false,label_objective_scene_style,true,true,true,false,true,true,false,true,true,A,P2,none
DT,blog,04_why_most_digital_twins_fail,DT/Blog/04_why_most_digital_twins_fail/image-prompts.md,false,label_objective_scene_style,true,true,true,false,true,true,false,true,true,A,P2,none
DT,blog,05_how_to_compare_layout_variants_without_guesswork,DT/Blog/05_how_to_compare_layout_variants_without_guesswork/image-prompts.md,false,label_objective_scene_style,true,true,true,false,true,true,false,true,true,A,P2,none
DT,blog,06_from_manual_inputs_to_live_data_a_practical_digital_twin_roadmap,DT/Blog/06_from_manual_inputs_to_live_data_a_practical_digital_twin_roadmap/image-prompts.md,false,label_objective_scene_style,true,true,true,false,true,true,false,true,true,A,P2,none
DT,blog,07_how_simulation_reduces_change_risk_in_production_and_logistics,DT/Blog/07_how_simulation_reduces_change_risk_in_production_and_logistics/image-prompts.md,false,label_objective_scene_style,true,true,true,false,true,true,false,true,true,A,P2,none
DT,blog,08_digital_twin_vs_cad_what_decision_makers_need_to_know,DT/Blog/08_digital_twin_vs_cad_what_decision_makers_need_to_know/image-prompts.md,false,label_objective_scene_style,true,true,true,false,true,true,false,true,true,A,P2,none
DT,blog,09_how_cfos_can_use_simulation_to_validate_roi,DT/Blog/09_how_cfos_can_use_simulation_to_validate_roi/image-prompts.md,false,label_objective_scene_style,true,true,true,false,true,true,false,true,true,A,P2,none
DT,blog,10_the_cost_of_rework_when_you_skip_scenario_testing,DT/Blog/10_the_cost_of_rework_when_you_skip_scenario_testing/image-prompts.md,false,label_objective_scene_style,true,true,true,false,true,true,false,true,true,A,P2,none
DT,blog,11_how_to_identify_bottlenecks_before_they_happen,DT/Blog/11_how_to_identify_bottlenecks_before_they_happen/image-prompts.md,false,bullet_objective_scene_style,true,true,true,false,true,true,true,true,true,A,P2,none
DT,blog,12_simulation_vs_reality_why_your_factory_planning_is_still_wrong,DT/Blog/12_simulation_vs_reality_why_your_factory_planning_is_still_wrong/image-prompts.md,false,bullet_objective_scene_style,true,true,true,false,true,true,true,true,true,A,P2,none
DT,blog,13_five_scenarios_every_factory_should_simulate,DT/Blog/13_five_scenarios_every_factory_should_simulate/image-prompts.md,false,bullet_objective_scene_style,true,true,true,false,true,true,true,true,true,A,P2,none
DT,blog,14_digital_twin_for_workforce_optimization,DT/Blog/14_digital_twin_for_workforce_optimization/image-prompts.md,false,bullet_objective_scene_style,true,true,true,false,true,true,true,true,true,A,P2,none
DT,blog,15_how_digital_twin_reduces_capex_risk,DT/Blog/15_how_digital_twin_reduces_capex_risk/image-prompts.md,false,bullet_objective_scene_style,true,true,true,false,true,true,true,true,true,A,P2,none
DT,blog,16_from_static_layout_to_living_factory_model,DT/Blog/16_from_static_layout_to_living_factory_model/image-prompts.md,false,bullet_objective_scene_style,true,true,true,false,true,true,true,true,true,A,P2,none
DT,blog,17_how_to_use_simulation_for_continuous_improvement,DT/Blog/17_how_to_use_simulation_for_continuous_improvement/image-prompts.md,false,bullet_objective_scene_style,true,true,true,false,true,true,true,true,true,A,P2,none
DT,blog,18_the_roi_of_digital_twin_in_12_months,DT/Blog/18_the_roi_of_digital_twin_in_12_months/image-prompts.md,false,bullet_objective_scene_style,true,true,true,false,true,true,true,true,true,A,P2,none
DT,blog,19_how_to_build_a_digital_twin_business_case_without_guesswork,DT/Blog/19_how_to_build_a_digital_twin_business_case_without_guesswork/image-prompts.md,false,bullet_objective_scene_style,true,true,true,false,true,true,true,true,true,A,P2,none
DT,blog,20_how_to_run_your_first_simulation_project,DT/Blog/20_how_to_run_your_first_simulation_project/image-prompts.md,false,bullet_objective_scene_style,true,true,true,false,true,true,true,true,true,A,P2,none
DT,blog,21_when_a_factory_should_simulate_before_it_reconfigures_flow,DT/Blog/21_when_a_factory_should_simulate_before_it_reconfigures_flow/image-prompts.md,false,bullet_objective_scene_style,true,true,true,false,true,false,true,true,true,A,P2,none
DT,blog,22_how_to_test_capacity_decisions_before_the_next_demand_shift,DT/Blog/22_how_to_test_capacity_decisions_before_the_next_demand_shift/image-prompts.md,false,bullet_objective_scene_style,true,true,true,false,true,false,true,true,true,A,P2,none
DT,blog,23_what_to_simulate_before_expanding_a_production_line,DT/Blog/23_what_to_simulate_before_expanding_a_production_line/image-prompts.md,false,bullet_objective_scene_style,true,true,true,false,true,false,true,true,true,A,P2,none
DT,blog,24_how_to_compare_capex_options_when_every_scenario_looks_plausible,DT/Blog/24_how_to_compare_capex_options_when_every_scenario_looks_plausible/image-prompts.md,false,bullet_objective_scene_style,true,true,true,false,true,false,true,true,true,A,P2,none
DT,blog,25_when_manual_factory_decisions_become_too_expensive_to_trust,DT/Blog/25_when_manual_factory_decisions_become_too_expensive_to_trust/image-prompts.md,false,bullet_objective_scene_style,true,true,true,false,true,false,true,true,true,A,P2,none
DT,blog,26_how_to_use_digital_twin_for_brownfield_change_planning,DT/Blog/26_how_to_use_digital_twin_for_brownfield_change_planning/image-prompts.md,false,bullet_objective_scene_style,true,true,true,false,true,false,true,true,true,A,P2,none
DT,blog,27_what_a_good_simulation_input_set_looks_like_before_live_integration,DT/Blog/27_what_a_good_simulation_input_set_looks_like_before_live_integration/image-prompts.md,false,bullet_objective_scene_style,true,true,true,false,true,false,true,true,true,A,P2,none
DT,blog,28_how_to_sequence_factory_changes_with_less_operational_risk,DT/Blog/28_how_to_sequence_factory_changes_with_less_operational_risk/image-prompts.md,false,bullet_objective_scene_style,true,true,true,false,true,false,true,true,true,A,P2,none
DT,blog,29_when_to_use_digital_twin_for_network_and_intralogistics_decisions,DT/Blog/29_when_to_use_digital_twin_for_network_and_intralogistics_decisions/image-prompts.md,false,bullet_objective_scene_style,true,true,true,false,true,false,true,true,true,A,P2,none
DT,blog,30_how_to_turn_simulation_outputs_into_executive_decisions,DT/Blog/30_how_to_turn_simulation_outputs_into_executive_decisions/image-prompts.md,false,bullet_objective_scene_style,true,true,true,false,true,false,true,true,true,A,P2,none
DT,blog,31_how_to_use_digital_twin_in_capex_stage_gates,DT/Blog/31_how_to_use_digital_twin_in_capex_stage_gates/image-prompts.md,false,bullet_objective_scene_style,true,true,true,false,true,false,true,true,true,A,P2,none
DT,blog,32_when_a_simulation_result_is_strong_enough_to_act_on,DT/Blog/32_when_a_simulation_result_is_strong_enough_to_act_on/image-prompts.md,false,bullet_objective_scene_style,true,true,true,false,true,false,true,true,true,A,P2,none
DT,blog,33_how_to_use_digital_twin_for_factory_change_governance,DT/Blog/33_how_to_use_digital_twin_for_factory_change_governance/image-prompts.md,false,bullet_objective_scene_style,true,true,true,false,true,false,true,true,true,A,P2,none
DT,blog,34_what_a_good_sensitivity_analysis_should_show_before_approval,DT/Blog/34_what_a_good_sensitivity_analysis_should_show_before_approval/image-prompts.md,false,bullet_objective_scene_style,true,true,true,false,true,false,true,true,true,A,P2,none
DT,blog,35_how_to_test_supplier_and_ramp_risk_in_factory_simulation,DT/Blog/35_how_to_test_supplier_and_ramp_risk_in_factory_simulation/image-prompts.md,false,bullet_objective_scene_style,true,true,true,false,true,false,true,true,true,A,P2,none
DT,blog,36_when_to_simulate_phased_rollouts_instead_of_full_cutovers,DT/Blog/36_when_to_simulate_phased_rollouts_instead_of_full_cutovers/image-prompts.md,false,bullet_objective_scene_style,true,true,true,false,true,false,true,true,true,A,P2,none
DT,blog,37_how_to_use_digital_twin_in_monthly_operations_reviews,DT/Blog/37_how_to_use_digital_twin_in_monthly_operations_reviews/image-prompts.md,false,bullet_objective_scene_style,true,true,true,false,true,false,true,true,true,A,P2,none
DT,blog,38_what_to_compare_before_you_expand_capacity_in_a_brownfield_factory,DT/Blog/38_what_to_compare_before_you_expand_capacity_in_a_brownfield_factory/image-prompts.md,false,bullet_objective_scene_style,true,true,true,false,true,false,true,true,true,A,P2,none
DT,blog,39_how_to_package_simulation_evidence_for_board_level_decisions,DT/Blog/39_how_to_package_simulation_evidence_for_board_level_decisions/image-prompts.md,false,bullet_objective_scene_style,true,true,true,false,true,false,true,true,true,A,P2,none
DT,blog,40_when_to_refresh_a_digital_twin_model_after_operational_change,DT/Blog/40_when_to_refresh_a_digital_twin_model_after_operational_change/image-prompts.md,false,bullet_objective_scene_style,true,true,true,false,true,false,true,true,true,A,P2,none
DT,blog,41_how_to_decide_when_a_simulation_is_good_enough_for_capital_commitment,DT/Blog/41_how_to_decide_when_a_simulation_is_good_enough_for_capital_commitment/image-prompts.md,false,bullet_objective_scene_style,true,true,true,false,true,false,true,true,true,A,P2,none
DT,blog,42_what_a_factory_scenario_library_should_look_like_after_the_first_projects,DT/Blog/42_what_a_factory_scenario_library_should_look_like_after_the_first_projects/image-prompts.md,false,bullet_objective_scene_style,true,true,true,false,true,false,true,true,true,A,P2,none
DT,blog,43_how_to_retire_weak_options_early_in_digital_twin_decision_cycles,DT/Blog/43_how_to_retire_weak_options_early_in_digital_twin_decision_cycles/image-prompts.md,false,bullet_objective_scene_style,true,true,true,false,true,false,true,true,true,A,P2,none
DT,blog,44_when_to_use_digital_twin_in_post_investment_reviews_and_when_not_to,DT/Blog/44_when_to_use_digital_twin_in_post_investment_reviews_and_when_not_to/image-prompts.md,false,bullet_objective_scene_style,true,true,true,false,true,false,true,true,true,A,P2,none
DT,blog,45_how_to_assign_model_ownership_across_engineering_operations_and_finance,DT/Blog/45_how_to_assign_model_ownership_across_engineering_operations_and_finance/image-prompts.md,false,bullet_objective_scene_style,true,true,true,false,true,false,true,true,true,A,P2,none
DT,blog,46_what_an_executive_simulation_review_should_decide_in_30_minutes,DT/Blog/46_what_an_executive_simulation_review_should_decide_in_30_minutes/image-prompts.md,false,bullet_objective_scene_style,true,true,true,false,true,false,true,true,true,A,P2,none
DT,blog,47_when_to_link_digital_twin_to_real_time_data_and_when_static_is_enough,DT/Blog/47_when_to_link_digital_twin_to_real_time_data_and_when_static_is_enough/image-prompts.md,false,bullet_objective_scene_style,true,true,true,false,true,false,true,true,true,A,P2,none
DT,blog,48_how_to_compare_resilience_not_just_throughput_in_factory_scenarios,DT/Blog/48_how_to_compare_resilience_not_just_throughput_in_factory_scenarios/image-prompts.md,false,bullet_objective_scene_style,true,true,true,false,true,false,true,true,true,A,P2,none
DT,blog,49_what_a_reusable_factory_assumption_ledger_should_include,DT/Blog/49_what_a_reusable_factory_assumption_ledger_should_include/image-prompts.md,false,bullet_objective_scene_style,true,true,true,false,true,false,true,true,true,A,P2,none
DT,blog,50_how_to_turn_digital_twin_into_a_repeatable_capex_decision_system,DT/Blog/50_how_to_turn_digital_twin_into_a_repeatable_capex_decision_system/image-prompts.md,false,bullet_objective_scene_style,true,true,true,false,true,false,true,true,true,A,P2,none
IRIS,blog,01_why_dashboards_dont_fix_factories,IRIS/Blog/01_why_dashboards_dont_fix_factories/image-prompts.md,false,bullet_objective_scene_style,true,true,true,false,true,true,false,true,true,A,P2,none
IRIS,blog,02_what_a_plant_operating_system_actually_means,IRIS/Blog/02_what_a_plant_operating_system_actually_means/image-prompts.md,false,label_objective_scene_style,true,true,true,false,true,true,false,true,true,A,P2,none
IRIS,blog,03_why_mes_alone_is_no_longer_enough,IRIS/Blog/03_why_mes_alone_is_no_longer_enough/image-prompts.md,false,label_objective_scene_style,true,true,true,false,true,true,false,true,true,A,P2,none
IRIS,blog,04_from_insight_to_task_to_action_closing_the_execution_loop,IRIS/Blog/04_from_insight_to_task_to_action_closing_the_execution_loop/image-prompts.md,false,label_objective_scene_style,true,true,true,false,true,true,false,true,true,A,P2,none
IRIS,blog,05_why_plants_still_run_on_spreadsheets,IRIS/Blog/05_why_plants_still_run_on_spreadsheets/image-prompts.md,false,label_objective_scene_style,true,true,true,false,true,true,false,true,true,A,P2,none
IRIS,blog,06_ai_native_operations_what_that_should_mean_in_practice,IRIS/Blog/06_ai_native_operations_what_that_should_mean_in_practice/image-prompts.md,false,label_objective_scene_style,true,true,true,false,true,true,false,true,true,A,P2,none
IRIS,blog,07_how_to_unify_mes_wms_qms_and_cmms_without_replacing_everything,IRIS/Blog/07_how_to_unify_mes_wms_qms_and_cmms_without_replacing_everything/image-prompts.md,false,label_objective_scene_style,true,true,true,false,true,true,false,true,true,A,P2,none
IRIS,blog,08_why_hidden_definitions_kill_kpi_alignment,IRIS/Blog/08_why_hidden_definitions_kill_kpi_alignment/image-prompts.md,false,label_objective_scene_style,true,true,true,false,true,true,false,true,true,A,P2,none
IRIS,blog,09_the_cost_of_siloed_operational_systems,IRIS/Blog/09_the_cost_of_siloed_operational_systems/image-prompts.md,false,label_objective_scene_style,true,true,true,false,true,true,false,true,true,A,P2,none
IRIS,blog,10_how_human_approval_makes_industrial_ai_more_useful,IRIS/Blog/10_how_human_approval_makes_industrial_ai_more_useful/image-prompts.md,false,label_objective_scene_style,true,true,true,false,true,true,false,true,true,A,P2,none
IRIS,blog,11_how_to_build_a_real_time_kpi_system_for_your_factory,IRIS/Blog/11_how_to_build_a_real_time_kpi_system_for_your_factory/image-prompts.md,false,bullet_objective_scene_style,true,true,true,false,true,true,true,true,true,A,P2,none
IRIS,blog,12_oee_is_not_enough_what_you_should_measure_instead,IRIS/Blog/12_oee_is_not_enough_what_you_should_measure_instead/image-prompts.md,false,bullet_objective_scene_style,true,true,true,false,true,true,true,true,true,A,P2,none
IRIS,blog,13_how_to_manage_maintenance_with_data,IRIS/Blog/13_how_to_manage_maintenance_with_data/image-prompts.md,false,bullet_objective_scene_style,true,true,true,false,true,true,true,true,true,A,P2,none
IRIS,blog,14_warehouse_optimization_using_real_time_data,IRIS/Blog/14_warehouse_optimization_using_real_time_data/image-prompts.md,false,bullet_objective_scene_style,true,true,true,false,true,true,true,true,true,A,P2,none
IRIS,blog,15_production_planning_vs_reality_why_aps_fails,IRIS/Blog/15_production_planning_vs_reality_why_aps_fails/image-prompts.md,false,bullet_objective_scene_style,true,true,true,false,true,true,true,true,true,A,P2,none
IRIS,blog,16_how_to_connect_all_factory_systems_into_one_brain,IRIS/Blog/16_how_to_connect_all_factory_systems_into_one_brain/image-prompts.md,false,bullet_objective_scene_style,true,true,true,false,true,true,true,true,true,A,P2,none
IRIS,blog,17_from_reporting_to_decision_making_systems,IRIS/Blog/17_from_reporting_to_decision_making_systems/image-prompts.md,false,bullet_objective_scene_style,true,true,true,false,true,true,true,true,true,A,P2,none
IRIS,blog,18_the_end_of_manual_production_control,IRIS/Blog/18_the_end_of_manual_production_control/image-prompts.md,false,bullet_objective_scene_style,true,true,true,false,true,true,true,true,true,A,P2,none
IRIS,blog,19_how_to_evaluate_a_plant_operating_system_for_a_real_factory,IRIS/Blog/19_how_to_evaluate_a_plant_operating_system_for_a_real_factory/image-prompts.md,false,bullet_objective_scene_style,true,true,true,false,true,true,true,true,true,A,P2,none
IRIS,blog,20_why_ai_in_factory_operations_fails_without_one_execution_layer,IRIS/Blog/20_why_ai_in_factory_operations_fails_without_one_execution_layer/image-prompts.md,false,bullet_objective_scene_style,true,true,true,false,true,true,true,true,true,A,P2,none
IRIS,blog,21_how_ai_is_changing_factory_operations_when_execution_is_connected,IRIS/Blog/21_how_ai_is_changing_factory_operations_when_execution_is_connected/image-prompts.md,false,bullet_objective_scene_style,true,true,true,false,true,false,true,true,true,A,P2,none
IRIS,blog,22_what_an_ai_agent_can_do_in_a_factory_today,IRIS/Blog/22_what_an_ai_agent_can_do_in_a_factory_today/image-prompts.md,false,bullet_objective_scene_style,true,true,true,false,true,false,true,true,true,A,P2,none
IRIS,blog,23_from_humans_to_ai_assisted_operations_what_changes_first,IRIS/Blog/23_from_humans_to_ai_assisted_operations_what_changes_first/image-prompts.md,false,bullet_objective_scene_style,true,true,true,false,true,false,true,true,true,A,P2,none
IRIS,blog,24_autonomous_factory_myth_or_operating_reality,IRIS/Blog/24_autonomous_factory_myth_or_operating_reality/image-prompts.md,false,bullet_objective_scene_style,true,true,true,false,true,false,true,true,true,A,P2,none
IRIS,blog,25_how_to_build_ai_assisted_factory_operations_step_by_step,IRIS/Blog/25_how_to_build_ai_assisted_factory_operations_step_by_step/image-prompts.md,false,bullet_objective_scene_style,true,true,true,false,true,false,true,true,true,A,P2,none
IRIS,blog,26_when_ai_should_recommend_and_when_humans_should_decide_in_operations,IRIS/Blog/26_when_ai_should_recommend_and_when_humans_should_decide_in_operations/image-prompts.md,false,bullet_objective_scene_style,true,true,true,false,true,false,true,true,true,A,P2,none
IRIS,blog,27_why_factories_need_one_decision_layer_before_more_ai_models,IRIS/Blog/27_why_factories_need_one_decision_layer_before_more_ai_models/image-prompts.md,false,bullet_objective_scene_style,true,true,true,false,true,false,true,true,true,A,P2,none
IRIS,blog,28_how_ai_can_prioritize_factory_issues_across_functions,IRIS/Blog/28_how_ai_can_prioritize_factory_issues_across_functions/image-prompts.md,false,bullet_objective_scene_style,true,true,true,false,true,false,true,true,true,A,P2,none
IRIS,blog,29_what_makes_factory_ai_trustworthy_for_operations_leaders,IRIS/Blog/29_what_makes_factory_ai_trustworthy_for_operations_leaders/image-prompts.md,false,bullet_objective_scene_style,true,true,true,false,true,false,true,true,true,A,P2,none
IRIS,blog,30_how_to_roll_out_ai_assisted_operations_without_disrupting_the_plant,IRIS/Blog/30_how_to_roll_out_ai_assisted_operations_without_disrupting_the_plant/image-prompts.md,false,bullet_objective_scene_style,true,true,true,false,true,false,true,true,true,A,P2,none
IRIS,blog,31_how_ai_and_digital_twin_work_together_in_factory_decisions,IRIS/Blog/31_how_ai_and_digital_twin_work_together_in_factory_decisions/image-prompts.md,false,bullet_objective_scene_style,true,true,true,false,true,false,true,true,true,A,P2,none
IRIS,blog,32_why_ai_without_operational_data_still_fails_in_manufacturing,IRIS/Blog/32_why_ai_without_operational_data_still_fails_in_manufacturing/image-prompts.md,false,bullet_objective_scene_style,true,true,true,false,true,false,true,true,true,A,P2,none
IRIS,blog,33_how_ai_can_reduce_downtime_when_response_loops_exist,IRIS/Blog/33_how_ai_can_reduce_downtime_when_response_loops_exist/image-prompts.md,false,bullet_objective_scene_style,true,true,true,false,true,false,true,true,true,A,P2,none
IRIS,blog,34_the_rise_of_decision_automation_in_manufacturing,IRIS/Blog/34_the_rise_of_decision_automation_in_manufacturing/image-prompts.md,false,bullet_objective_scene_style,true,true,true,false,true,false,true,true,true,A,P2,none
IRIS,blog,35_what_factory_jobs_change_first_in_ai_assisted_operations,IRIS/Blog/35_what_factory_jobs_change_first_in_ai_assisted_operations/image-prompts.md,false,bullet_objective_scene_style,true,true,true,false,true,false,true,true,true,A,P2,none
IRIS,blog,36_when_ai_should_watch_advise_or_act_in_the_factory,IRIS/Blog/36_when_ai_should_watch_advise_or_act_in_the_factory/image-prompts.md,false,bullet_objective_scene_style,true,true,true,false,true,false,true,true,true,A,P2,none
IRIS,blog,37_how_to_govern_ai_decisions_across_shifts_and_functions,IRIS/Blog/37_how_to_govern_ai_decisions_across_shifts_and_functions/image-prompts.md,false,bullet_objective_scene_style,true,true,true,false,true,false,true,true,true,A,P2,none
IRIS,blog,38_how_to_scale_ai_assistance_without_losing_operational_control,IRIS/Blog/38_how_to_scale_ai_assistance_without_losing_operational_control/image-prompts.md,false,bullet_objective_scene_style,true,true,true,false,true,false,true,true,true,A,P2,none
IRIS,blog,39_what_a_human_approval_policy_should_look_like_in_factory_ai,IRIS/Blog/39_what_a_human_approval_policy_should_look_like_in_factory_ai/image-prompts.md,false,bullet_objective_scene_style,true,true,true,false,true,false,true,true,true,A,P2,none
IRIS,blog,40_how_to_review_ai_assisted_operations_after_the_first_90_days,IRIS/Blog/40_how_to_review_ai_assisted_operations_after_the_first_90_days/image-prompts.md,false,bullet_objective_scene_style,true,true,true,false,true,false,true,true,true,A,P2,none
IRIS,blog,41_how_to_design_an_exception_handling_model_for_ai_assisted_operations,IRIS/Blog/41_how_to_design_an_exception_handling_model_for_ai_assisted_operations/image-prompts.md,false,bullet_objective_scene_style,true,true,true,false,true,false,true,true,true,A,P2,none
IRIS,blog,42_when_a_factory_needs_one_operational_arbiter_for_conflicting_signals,IRIS/Blog/42_when_a_factory_needs_one_operational_arbiter_for_conflicting_signals/image-prompts.md,false,bullet_objective_scene_style,true,true,true,false,true,false,true,true,true,A,P2,none
IRIS,blog,43_how_to_build_a_cross_site_playbook_for_ai_assisted_factory_operations,IRIS/Blog/43_how_to_build_a_cross_site_playbook_for_ai_assisted_factory_operations/image-prompts.md,false,bullet_objective_scene_style,true,true,true,false,true,false,true,true,true,A,P2,none
IRIS,blog,44_what_an_executive_ai_operations_scorecard_should_include_and_ignore,IRIS/Blog/44_what_an_executive_ai_operations_scorecard_should_include_and_ignore/image-prompts.md,false,bullet_objective_scene_style,true,true,true,false,true,false,true,true,true,A,P2,none
IRIS,blog,45_when_to_keep_ai_assistance_inside_one_workflow_and_when_to_connect_more,IRIS/Blog/45_when_to_keep_ai_assistance_inside_one_workflow_and_when_to_connect_more/image-prompts.md,false,bullet_objective_scene_style,true,true,true,false,true,false,true,true,true,A,P2,none
IRIS,blog,46_how_to_create_audit_ready_records_for_ai_assisted_factory_decisions,IRIS/Blog/46_how_to_create_audit_ready_records_for_ai_assisted_factory_decisions/image-prompts.md,false,bullet_objective_scene_style,true,true,true,false,true,false,true,true,true,A,P2,none
IRIS,blog,47_what_data_ownership_should_look_like_in_an_ai_native_plant_operating_system,IRIS/Blog/47_what_data_ownership_should_look_like_in_an_ai_native_plant_operating_system/image-prompts.md,false,bullet_objective_scene_style,true,true,true,false,true,false,true,true,true,A,P2,none
IRIS,blog,48_when_vendor_ai_tools_should_feed_the_execution_layer_and_when_not_to,IRIS/Blog/48_when_vendor_ai_tools_should_feed_the_execution_layer_and_when_not_to/image-prompts.md,false,bullet_objective_scene_style,true,true,true,false,true,false,true,true,true,A,P2,none
IRIS,blog,49_how_to_keep_human_accountability_clear_in_ai_assisted_shift_management,IRIS/Blog/49_how_to_keep_human_accountability_clear_in_ai_assisted_shift_management/image-prompts.md,false,bullet_objective_scene_style,true,true,true,false,true,false,true,true,true,A,P2,none
IRIS,blog,50_what_full_operational_closure_should_look_like_in_an_ai_native_factory,IRIS/Blog/50_what_full_operational_closure_should_look_like_in_an_ai_native_factory/image-prompts.md,false,bullet_objective_scene_style,true,true,true,false,true,false,true,true,true,A,P2,none
IoT,blog,01_why_factories_still_dont_use_machine_data,IoT/Blog/01_why_factories_still_dont_use_machine_data/image-prompts.md,false,bullet_objective_scene_style,true,true,true,false,true,true,false,true,true,A,P2,none
IoT,blog,02_what_data_should_you_collect_from_machines,IoT/Blog/02_what_data_should_you_collect_from_machines/image-prompts.md,false,bullet_objective_scene_style,true,true,true,false,true,true,false,true,true,A,P2,none
IoT,blog,03_from_sensors_to_decisions,IoT/Blog/03_from_sensors_to_decisions/image-prompts.md,false,bullet_objective_scene_style,true,true,true,false,true,true,false,true,true,A,P2,none
IoT,blog,04_machine_data_is_useless_without_context,IoT/Blog/04_machine_data_is_useless_without_context/image-prompts.md,false,bullet_objective_scene_style,true,true,true,false,true,true,false,true,true,A,P2,none
IoT,blog,05_edge_vs_cloud_in_manufacturing,IoT/Blog/05_edge_vs_cloud_in_manufacturing/image-prompts.md,false,bullet_objective_scene_style,true,true,true,false,true,true,false,true,true,A,P2,none
IoT,blog,06_how_to_start_iiot_without_breaking_production,IoT/Blog/06_how_to_start_iiot_without_breaking_production/image-prompts.md,false,bullet_objective_scene_style,true,true,true,false,true,true,false,true,true,A,P2,none
IoT,blog,07_how_to_reduce_downtime_by_30_using_real_time_data,IoT/Blog/07_how_to_reduce_downtime_by_30_using_real_time_data/image-prompts.md,false,bullet_objective_scene_style,true,true,true,false,true,true,false,true,true,A,P2,none
IoT,blog,08_the_hidden_costs_of_not_measuring_production_properly,IoT/Blog/08_the_hidden_costs_of_not_measuring_production_properly/image-prompts.md,false,bullet_objective_scene_style,true,true,true,false,true,true,false,true,true,A,P2,none
IoT,blog,09_oee_is_not_enough,IoT/Blog/09_oee_is_not_enough/image-prompts.md,false,bullet_objective_scene_style,true,true,true,false,true,true,false,true,true,A,P2,none
IoT,blog,10_why_your_maintenance_strategy_is_failing,IoT/Blog/10_why_your_maintenance_strategy_is_failing/image-prompts.md,false,bullet_objective_scene_style,true,true,true,false,true,true,false,true,true,A,P2,none
IoT,blog,11_real_time_production_visibility_in_practice,IoT/Blog/11_real_time_production_visibility_in_practice/image-prompts.md,false,bullet_objective_scene_style,true,true,true,false,true,true,false,true,true,A,P2,none
IoT,blog,12_5_operational_problems_every_factory_has,IoT/Blog/12_5_operational_problems_every_factory_has/image-prompts.md,false,bullet_objective_scene_style,true,true,true,false,true,true,false,true,true,A,P2,none
IoT,blog,13_7_mistakes_companies_make_when_implementing_iot,IoT/Blog/13_7_mistakes_companies_make_when_implementing_iot/image-prompts.md,false,bullet_objective_scene_style,true,true,true,false,true,true,false,true,true,A,P2,none
IoT,blog,14_from_pilot_to_scale_how_to_roll_out_iiot_without_losing_control,IoT/Blog/14_from_pilot_to_scale_how_to_roll_out_iiot_without_losing_control/image-prompts.md,false,bullet_objective_scene_style,true,true,true,false,true,true,false,true,true,A,P2,none
IoT,blog,15_how_to_build_a_business_case_for_iiot_in_a_brownfield_factory,IoT/Blog/15_how_to_build_a_business_case_for_iiot_in_a_brownfield_factory/image-prompts.md,false,bullet_objective_scene_style,true,true,true,false,true,true,false,true,true,A,P2,none
IoT,blog,16_what_to_measure_in_the_first_90_days_of_iiot_rollout,IoT/Blog/16_what_to_measure_in_the_first_90_days_of_iiot_rollout/image-prompts.md,false,bullet_objective_scene_style,true,true,true,false,true,true,false,true,true,A,P2,none
IoT,blog,17_how_to_choose_the_right_first_iiot_use_case,IoT/Blog/17_how_to_choose_the_right_first_iiot_use_case/image-prompts.md,false,bullet_objective_scene_style,true,true,true,false,true,true,false,true,true,A,P2,none
IoT,blog,18_who_should_own_iiot_rollout_inside_the_factory,IoT/Blog/18_who_should_own_iiot_rollout_inside_the_factory/image-prompts.md,false,bullet_objective_scene_style,true,true,true,false,true,true,false,true,true,A,P2,none
IoT,blog,19_why_iiot_alerts_fail_on_the_shop_floor_and_what_works_instead,IoT/Blog/19_why_iiot_alerts_fail_on_the_shop_floor_and_what_works_instead/image-prompts.md,false,bullet_objective_scene_style,true,true,true,false,true,true,false,true,true,A,P2,none
IoT,blog,20_how_to_review_iiot_value_after_the_first_pilot,IoT/Blog/20_how_to_review_iiot_value_after_the_first_pilot/image-prompts.md,false,bullet_objective_scene_style,true,true,true,false,true,true,false,true,true,A,P2,none
IoT,blog,21_what_the_first_30_days_of_iiot_should_look_like_in_a_brownfield_factory,IoT/Blog/21_what_the_first_30_days_of_iiot_should_look_like_in_a_brownfield_factory/image-prompts.md,false,bullet_objective_scene_style,true,true,true,false,true,true,false,true,true,A,P2,none
IoT,blog,22_when_to_integrate_iiot_with_mes_erp_and_cmms_and_when_to_wait,IoT/Blog/22_when_to_integrate_iiot_with_mes_erp_and_cmms_and_when_to_wait/image-prompts.md,false,bullet_objective_scene_style,true,true,true,false,true,true,false,true,true,A,P2,none
IoT,blog,23_what_machine_data_should_trigger_action_and_what_should_not,IoT/Blog/23_what_machine_data_should_trigger_action_and_what_should_not/image-prompts.md,false,bullet_objective_scene_style,true,true,true,false,true,true,false,true,true,A,P2,none
IoT,blog,24_how_to_improve_machine_data_quality_before_scaling_iot,IoT/Blog/24_how_to_improve_machine_data_quality_before_scaling_iot/image-prompts.md,false,bullet_objective_scene_style,true,true,true,false,true,true,false,true,true,A,P2,none
IoT,blog,25_when_edge_processing_is_worth_it_in_brownfield_iot,IoT/Blog/25_when_edge_processing_is_worth_it_in_brownfield_iot/image-prompts.md,false,bullet_objective_scene_style,true,true,true,false,true,true,false,true,true,A,P2,none
IoT,blog,26_how_to_roll_out_iot_across_multiple_lines_without_losing_control,IoT/Blog/26_how_to_roll_out_iot_across_multiple_lines_without_losing_control/image-prompts.md,false,bullet_objective_scene_style,true,true,true,false,true,true,false,true,true,A,P2,none
IoT,blog,27_what_to_do_when_operators_do_not_trust_iot_signals_yet,IoT/Blog/27_what_to_do_when_operators_do_not_trust_iot_signals_yet/image-prompts.md,false,bullet_objective_scene_style,true,true,true,false,true,true,false,true,true,A,P2,none
IoT,blog,28_how_to_reduce_false_alarms_in_iiot_systems,IoT/Blog/28_how_to_reduce_false_alarms_in_iiot_systems/image-prompts.md,false,bullet_objective_scene_style,true,true,true,false,true,true,false,true,true,A,P2,none
IoT,blog,29_when_to_expand_from_visibility_to_closed_loop_response,IoT/Blog/29_when_to_expand_from_visibility_to_closed_loop_response/image-prompts.md,false,bullet_objective_scene_style,true,true,true,false,true,true,false,true,true,A,P2,none
IoT,blog,30_how_to_go_from_one_successful_iot_pilot_to_a_plant_standard,IoT/Blog/30_how_to_go_from_one_successful_iot_pilot_to_a_plant_standard/image-prompts.md,false,bullet_objective_scene_style,true,true,true,false,true,true,false,true,true,A,P2,none
IoT,blog,31_what_to_review_after_the_first_6_months_of_iot_rollout,IoT/Blog/31_what_to_review_after_the_first_6_months_of_iot_rollout/image-prompts.md,false,bullet_objective_scene_style,true,true,true,false,true,true,false,true,true,A,P2,none
IoT,blog,32_how_to_prove_iot_value_across_sites_without_forcing_one_template,IoT/Blog/32_how_to_prove_iot_value_across_sites_without_forcing_one_template/image-prompts.md,false,bullet_objective_scene_style,true,true,true,false,true,true,false,true,true,A,P2,none
IoT,blog,33_how_to_use_iot_data_in_shift_handover_without_creating_more_reporting,IoT/Blog/33_how_to_use_iot_data_in_shift_handover_without_creating_more_reporting/image-prompts.md,false,bullet_objective_scene_style,true,true,true,false,true,true,false,true,true,A,P2,none
IoT,blog,34_when_iot_should_trigger_supervisor_escalation_and_when_it_should_not,IoT/Blog/34_when_iot_should_trigger_supervisor_escalation_and_when_it_should_not/image-prompts.md,false,bullet_objective_scene_style,true,true,true,false,true,true,false,true,true,A,P2,none
IoT,blog,35_what_a_good_machine_state_model_looks_like_before_scaling_iot,IoT/Blog/35_what_a_good_machine_state_model_looks_like_before_scaling_iot/image-prompts.md,false,bullet_objective_scene_style,true,true,true,false,true,true,false,true,true,A,P2,none
IoT,blog,36_how_to_turn_iot_signals_into_maintenance_priorities_without_noise,IoT/Blog/36_how_to_turn_iot_signals_into_maintenance_priorities_without_noise/image-prompts.md,false,bullet_objective_scene_style,true,true,true,false,true,true,false,true,true,A,P2,none
IoT,blog,37_how_to_keep_an_iot_program_alive_when_the_first_champion_leaves,IoT/Blog/37_how_to_keep_an_iot_program_alive_when_the_first_champion_leaves/image-prompts.md,false,bullet_objective_scene_style,true,true,true,false,true,true,false,true,true,A,P2,none
IoT,blog,38_what_to_standardize_across_sites_in_iot_and_what_to_leave_local,IoT/Blog/38_what_to_standardize_across_sites_in_iot_and_what_to_leave_local/image-prompts.md,false,bullet_objective_scene_style,true,true,true,false,true,true,false,true,true,A,P2,none
IoT,blog,39_how_to_use_iot_for_faster_problem_confirmation_on_the_shop_floor,IoT/Blog/39_how_to_use_iot_for_faster_problem_confirmation_on_the_shop_floor/image-prompts.md,false,bullet_objective_scene_style,true,true,true,false,true,true,false,true,true,A,P2,none
IoT,blog,40_when_real_time_visibility_should_change_the_production_plan,IoT/Blog/40_when_real_time_visibility_should_change_the_production_plan/image-prompts.md,false,bullet_objective_scene_style,true,true,true,false,true,true,false,true,true,A,P2,none
IoT,blog,41_how_to_review_operator_overrides_in_iot_workflows,IoT/Blog/41_how_to_review_operator_overrides_in_iot_workflows/image-prompts.md,false,bullet_objective_scene_style,true,true,true,false,true,true,false,true,true,A,P2,none
IoT,blog,42_what_iot_governance_should_look_like_after_the_first_year,IoT/Blog/42_what_iot_governance_should_look_like_after_the_first_year/image-prompts.md,false,bullet_objective_scene_style,true,true,true,false,true,true,false,true,true,A,P2,none
IoT,blog,43_how_to_keep_iot_signal_definitions_consistent_across_shifts,IoT/Blog/43_how_to_keep_iot_signal_definitions_consistent_across_shifts/image-prompts.md,false,bullet_objective_scene_style,true,true,true,false,true,true,false,true,true,A,P2,none
IoT,blog,44_when_iot_alerts_should_create_work_orders_and_when_they_should_not,IoT/Blog/44_when_iot_alerts_should_create_work_orders_and_when_they_should_not/image-prompts.md,false,bullet_objective_scene_style,true,true,true,false,true,true,false,true,true,A,P2,none
IoT,blog,45_what_an_executive_iot_scorecard_should_include_after_scale_up,IoT/Blog/45_what_an_executive_iot_scorecard_should_include_after_scale_up/image-prompts.md,false,bullet_objective_scene_style,true,true,true,false,true,true,false,true,true,A,P2,none
IoT,blog,46_how_to_decide_which_iot_signals_deserve_edge_logic,IoT/Blog/46_how_to_decide_which_iot_signals_deserve_edge_logic/image-prompts.md,false,bullet_objective_scene_style,true,true,true,false,true,true,false,true,true,A,P2,none
IoT,blog,47_when_real_time_visibility_should_trigger_structured_problem_solving,IoT/Blog/47_when_real_time_visibility_should_trigger_structured_problem_solving/image-prompts.md,false,bullet_objective_scene_style,true,true,true,false,true,true,false,true,true,A,P2,none
IoT,blog,48_how_to_create_a_site_ready_iot_rollout_playbook_for_new_lines,IoT/Blog/48_how_to_create_a_site_ready_iot_rollout_playbook_for_new_lines/image-prompts.md,false,bullet_objective_scene_style,true,true,true,false,true,true,false,true,true,A,P2,none
IoT,blog,49_what_data_retention_and_traceability_should_look_like_in_iiot,IoT/Blog/49_what_data_retention_and_traceability_should_look_like_in_iiot/image-prompts.md,false,bullet_objective_scene_style,true,true,true,false,true,true,false,true,true,A,P2,none
IoT,blog,50_how_to_turn_iot_into_a_repeatable_operating_system_in_a_brownfield_factory,IoT/Blog/50_how_to_turn_iot_into_a_repeatable_operating_system_in_a_brownfield_factory/image-prompts.md,false,bullet_objective_scene_style,true,true,true,false,true,true,false,true,true,A,P2,none
Marketplace,blog,01_why_most_automation_projects_never_start,Marketplace/Blog/01_why_most_automation_projects_never_start/image-prompts.md,false,bullet_objective_scene_style,true,true,true,false,true,true,false,true,true,A,P2,none
Marketplace,blog,02_the_hidden_cost_of_manual_processes_in_manufacturing,Marketplace/Blog/02_the_hidden_cost_of_manual_processes_in_manufacturing/image-prompts.md,false,label_objective_scene_style,true,true,true,false,true,true,false,true,true,A,P2,none
Marketplace,blog,03_why_hiring_more_people_is_not_a_strategy_anymore,Marketplace/Blog/03_why_hiring_more_people_is_not_a_strategy_anymore/image-prompts.md,false,label_objective_scene_style,true,true,true,false,true,true,false,true,true,A,P2,none
Marketplace,blog,04_what_automation_really_means_in_2026,Marketplace/Blog/04_what_automation_really_means_in_2026/image-prompts.md,false,label_objective_scene_style,true,true,true,false,true,true,false,true,true,A,P2,none
Marketplace,blog,05_the_biggest_myths_about_industrial_automation,Marketplace/Blog/05_the_biggest_myths_about_industrial_automation/image-prompts.md,false,label_objective_scene_style,true,true,true,false,true,true,false,true,true,A,P2,none
Marketplace,blog,06_why_automation_feels_overwhelming,Marketplace/Blog/06_why_automation_feels_overwhelming/image-prompts.md,false,label_objective_scene_style,true,true,true,false,true,true,false,true,true,A,P2,none
Marketplace,blog,07_the_real_reason_plants_delay_automation_decisions,Marketplace/Blog/07_the_real_reason_plants_delay_automation_decisions/image-prompts.md,false,label_objective_scene_style,true,true,true,false,true,true,false,true,true,A,P2,none
Marketplace,blog,08_how_to_identify_the_best_processes_to_automate_first,Marketplace/Blog/08_how_to_identify_the_best_processes_to_automate_first/image-prompts.md,false,label_objective_scene_style,true,true,true,false,true,true,false,true,true,A,P2,none
Marketplace,blog,09_how_to_compare_automation_vendors_effectively,Marketplace/Blog/09_how_to_compare_automation_vendors_effectively/image-prompts.md,false,label_objective_scene_style,true,true,true,false,true,true,false,true,true,A,P2,none
Marketplace,blog,10_the_real_cost_of_automation,Marketplace/Blog/10_the_real_cost_of_automation/image-prompts.md,false,label_objective_scene_style,true,true,true,false,true,true,false,true,true,A,P2,none
Marketplace,blog,11_how_to_run_an_automation_pilot_project,Marketplace/Blog/11_how_to_run_an_automation_pilot_project/image-prompts.md,false,label_objective_scene_style,true,true,true,false,true,true,false,true,true,A,P2,none
Marketplace,blog,12_how_to_reduce_risk_in_automation_projects,Marketplace/Blog/12_how_to_reduce_risk_in_automation_projects/image-prompts.md,false,label_objective_scene_style,true,true,true,false,true,true,false,true,true,A,P2,none
Marketplace,blog,13_when_not_to_automate_and_why_waiting_can_be_the_right_decision,Marketplace/Blog/13_when_not_to_automate_and_why_waiting_can_be_the_right_decision/image-prompts.md,false,label_objective_scene_style,true,true,true,false,true,true,false,true,true,A,P2,none
Marketplace,blog,14_how_to_write_a_better_automation_challenge_brief,Marketplace/Blog/14_how_to_write_a_better_automation_challenge_brief/image-prompts.md,false,label_objective_scene_style,true,true,true,false,true,true,false,true,true,A,P2,none
Marketplace,blog,15_what_to_include_in_an_automation_rfq_or_rfp,Marketplace/Blog/15_what_to_include_in_an_automation_rfq_or_rfp/image-prompts.md,false,label_objective_scene_style,true,true,true,false,true,true,false,true,true,A,P2,none
Marketplace,blog,16_how_to_compare_robot_integrators_oems_and_turnkey_suppliers,Marketplace/Blog/16_how_to_compare_robot_integrators_oems_and_turnkey_suppliers/image-prompts.md,false,label_objective_scene_style,true,true,true,false,true,true,false,true,true,A,P2,none
Marketplace,blog,17_what_a_good_automation_offer_should_make_visible,Marketplace/Blog/17_what_a_good_automation_offer_should_make_visible/image-prompts.md,false,label_objective_scene_style,true,true,true,false,true,true,false,true,true,A,P2,none
Marketplace,blog,18_when_to_standardize_and_when_to_customize_an_automation_project,Marketplace/Blog/18_when_to_standardize_and_when_to_customize_an_automation_project/image-prompts.md,false,label_objective_scene_style,true,true,true,false,true,true,false,true,true,A,P2,none
Marketplace,blog,19_how_to_align_operations_engineering_and_procurement_before_automation_buying,Marketplace/Blog/19_how_to_align_operations_engineering_and_procurement_before_automation_buying/image-prompts.md,false,label_objective_scene_style,true,true,true,false,true,true,false,true,true,A,P2,none
Marketplace,blog,20_what_to_check_before_signing_an_automation_contract,Marketplace/Blog/20_what_to_check_before_signing_an_automation_contract/image-prompts.md,false,label_objective_scene_style,true,true,true,false,true,true,false,true,true,A,P2,none
Marketplace,blog,21_how_to_scope_an_automation_project_without_overcomplicating_it,Marketplace/Blog/21_how_to_scope_an_automation_project_without_overcomplicating_it/image-prompts.md,false,label_objective_scene_style,true,true,true,false,true,true,false,true,true,A,P2,none
Marketplace,blog,22_how_to_keep_automation_momentum_after_the_first_vendor_meetings,Marketplace/Blog/22_how_to_keep_automation_momentum_after_the_first_vendor_meetings/image-prompts.md,false,label_objective_scene_style,true,true,true,false,true,true,false,true,true,A,P2,none
Marketplace,blog,23_how_to_check_automation_supplier_references_without_wasting_time,Marketplace/Blog/23_how_to_check_automation_supplier_references_without_wasting_time/image-prompts.md,false,label_objective_scene_style,true,true,true,false,true,true,false,true,true,A,P2,none
Marketplace,blog,24_when_to_use_a_shortlist_and_when_to_keep_more_suppliers_in_play,Marketplace/Blog/24_when_to_use_a_shortlist_and_when_to_keep_more_suppliers_in_play/image-prompts.md,false,label_objective_scene_style,true,true,true,false,true,true,false,true,true,A,P2,none
Marketplace,blog,25_what_fat_and_sat_should_actually_prove_before_go_live,Marketplace/Blog/25_what_fat_and_sat_should_actually_prove_before_go_live/image-prompts.md,false,label_objective_scene_style,true,true,true,false,true,true,false,true,true,A,P2,none
Marketplace,blog,26_how_to_compare_automation_commercial_models_not_just_prices,Marketplace/Blog/26_how_to_compare_automation_commercial_models_not_just_prices/image-prompts.md,false,label_objective_scene_style,true,true,true,false,true,true,false,true,true,A,P2,none
Marketplace,blog,27_when_single_sourcing_is_smarter_than_running_a_full_supplier_beauty_contest,Marketplace/Blog/27_when_single_sourcing_is_smarter_than_running_a_full_supplier_beauty_contest/image-prompts.md,false,label_objective_scene_style,true,true,true,false,true,true,false,true,true,A,P2,none
Marketplace,blog,28_what_internal_red_flags_should_pause_an_automation_buying_process,Marketplace/Blog/28_what_internal_red_flags_should_pause_an_automation_buying_process/image-prompts.md,false,label_objective_scene_style,true,true,true,false,true,true,false,true,true,A,P2,none
Marketplace,blog,29_how_to_prepare_your_plant_for_supplier_site_visits_and_discovery_workshops,Marketplace/Blog/29_how_to_prepare_your_plant_for_supplier_site_visits_and_discovery_workshops/image-prompts.md,false,label_objective_scene_style,true,true,true,false,true,true,false,true,true,A,P2,none
Marketplace,blog,30_what_a_clean_handoff_from_selection_to_delivery_should_look_like,Marketplace/Blog/30_what_a_clean_handoff_from_selection_to_delivery_should_look_like/image-prompts.md,false,label_objective_scene_style,true,true,true,false,true,true,false,true,true,A,P2,none
Marketplace,blog,31_how_to_validate_total_cost_of_ownership_in_automation_projects,Marketplace/Blog/31_how_to_validate_total_cost_of_ownership_in_automation_projects/image-prompts.md,false,label_objective_scene_style,true,true,true,false,true,true,false,true,true,A,P2,none
Marketplace,blog,32_when_to_reopen_an_automation_decision_before_signing,Marketplace/Blog/32_when_to_reopen_an_automation_decision_before_signing/image-prompts.md,false,label_objective_scene_style,true,true,true,false,true,true,false,true,true,A,P2,none
Marketplace,blog,33_how_to_choose_the_right_internal_owner_for_an_automation_project,Marketplace/Blog/33_how_to_choose_the_right_internal_owner_for_an_automation_project/image-prompts.md,false,label_objective_scene_style,true,true,true,false,true,true,false,true,true,A,P2,none
Marketplace,blog,34_when_to_run_a_paid_discovery_phase_before_full_automation_award,Marketplace/Blog/34_when_to_run_a_paid_discovery_phase_before_full_automation_award/image-prompts.md,false,label_objective_scene_style,true,true,true,false,true,true,false,true,true,A,P2,none
Marketplace,blog,35_what_change_order_risk_to_check_before_an_automation_project_starts,Marketplace/Blog/35_what_change_order_risk_to_check_before_an_automation_project_starts/image-prompts.md,false,label_objective_scene_style,true,true,true,false,true,true,false,true,true,A,P2,none
Marketplace,blog,36_how_to_set_acceptance_criteria_before_automation_delivery_begins,Marketplace/Blog/36_how_to_set_acceptance_criteria_before_automation_delivery_begins/image-prompts.md,false,label_objective_scene_style,true,true,true,false,true,true,false,true,true,A,P2,none
Marketplace,blog,37_when_an_incumbent_supplier_should_not_win_the_next_automation_project,Marketplace/Blog/37_when_an_incumbent_supplier_should_not_win_the_next_automation_project/image-prompts.md,false,label_objective_scene_style,true,true,true,false,true,true,false,true,true,A,P2,none
Marketplace,blog,38_how_to_keep_procurement_speed_without_losing_technical_quality,Marketplace/Blog/38_how_to_keep_procurement_speed_without_losing_technical_quality/image-prompts.md,false,label_objective_scene_style,true,true,true,false,true,true,false,true,true,A,P2,none
Marketplace,blog,39_what_a_good_internal_business_case_for_automation_should_make_visible,Marketplace/Blog/39_what_a_good_internal_business_case_for_automation_should_make_visible/image-prompts.md,false,label_objective_scene_style,true,true,true,false,true,true,false,true,true,A,P2,none
Marketplace,blog,40_how_to_prepare_operations_for_automation_go_live_before_installation_starts,Marketplace/Blog/40_how_to_prepare_operations_for_automation_go_live_before_installation_starts/image-prompts.md,false,label_objective_scene_style,true,true,true,false,true,true,false,true,true,A,P2,none
Marketplace,blog,41_when_to_bundle_multiple_automation_needs_into_one_buying_process_and_when_not_to,Marketplace/Blog/41_when_to_bundle_multiple_automation_needs_into_one_buying_process_and_when_not_to/image-prompts.md,false,label_objective_scene_style,true,true,true,false,true,true,false,true,true,A,P2,none
Marketplace,blog,42_how_to_run_a_final_internal_alignment_review_before_automation_kickoff,Marketplace/Blog/42_how_to_run_a_final_internal_alignment_review_before_automation_kickoff/image-prompts.md,false,label_objective_scene_style,true,true,true,false,true,true,false,true,true,A,P2,none
Marketplace,blog,43_how_to_decide_if_an_automation_project_is_ready_for_board_approval,Marketplace/Blog/43_how_to_decide_if_an_automation_project_is_ready_for_board_approval/image-prompts.md,false,label_objective_scene_style,true,true,true,false,true,true,false,true,true,A,P2,none
Marketplace,blog,44_what_a_board_ready_automation_decision_packet_should_include,Marketplace/Blog/44_what_a_board_ready_automation_decision_packet_should_include/image-prompts.md,false,label_objective_scene_style,true,true,true,false,true,true,false,true,true,A,P2,none
Marketplace,blog,45_when_to_freeze_scope_in_an_automation_purchase_and_when_not_to,Marketplace/Blog/45_when_to_freeze_scope_in_an_automation_purchase_and_when_not_to/image-prompts.md,false,label_objective_scene_style,true,true,true,false,true,true,false,true,true,A,P2,none
Marketplace,blog,46_how_to_keep_supplier_clarifications_from_destroying_offer_comparability,Marketplace/Blog/46_how_to_keep_supplier_clarifications_from_destroying_offer_comparability/image-prompts.md,false,label_objective_scene_style,true,true,true,false,true,true,false,true,true,A,P2,none
Marketplace,blog,47_when_a_manufacturer_needs_a_formal_owner_side_pmo_for_automation_delivery,Marketplace/Blog/47_when_a_manufacturer_needs_a_formal_owner_side_pmo_for_automation_delivery/image-prompts.md,false,label_objective_scene_style,true,true,true,false,true,true,false,true,true,A,P2,none
Marketplace,blog,48_what_a_good_manufacturer_side_mobilization_plan_should_include_after_award,Marketplace/Blog/48_what_a_good_manufacturer_side_mobilization_plan_should_include_after_award/image-prompts.md,false,label_objective_scene_style,true,true,true,false,true,true,false,true,true,A,P2,none
Marketplace,blog,49_how_to_review_automation_project_risk_between_contract_award_and_go_live,Marketplace/Blog/49_how_to_review_automation_project_risk_between_contract_award_and_go_live/image-prompts.md,false,label_objective_scene_style,true,true,true,false,true,true,false,true,true,A,P2,none
Marketplace,blog,50_how_to_turn_automation_buying_into_a_repeatable_decision_system,Marketplace/Blog/50_how_to_turn_automation_buying_into_a_repeatable_decision_system/image-prompts.md,false,label_objective_scene_style,true,true,true,false,true,true,false,true,true,A,P2,none
Marketplace,blog,43_how_to_keep_automation_supplier_governance_clean_after_award,Marketplace/Blog/_archive_marketplace_43_49_pre_collision_packages/43_how_to_keep_automation_supplier_governance_clean_after_award/image-prompts.md,true,label_objective_scene_style,true,true,true,false,true,true,false,true,true,A,P2,none
Marketplace,blog,44_when_to_pause_mobilization_before_an_automation_project_creates_rework,Marketplace/Blog/_archive_marketplace_43_49_pre_collision_packages/44_when_to_pause_mobilization_before_an_automation_project_creates_rework/image-prompts.md,true,label_objective_scene_style,true,true,true,false,true,true,false,true,true,A,P2,none
Marketplace,blog,45_what_buyers_should_reuse_from_the_last_automation_project_and_what_not_to,Marketplace/Blog/_archive_marketplace_43_49_pre_collision_packages/45_what_buyers_should_reuse_from_the_last_automation_project_and_what_not_to/image-prompts.md,true,label_objective_scene_style,true,true,true,false,true,true,false,true,true,A,P2,none
Marketplace,blog,46_how_to_create_a_repeatable_automation_buying_scorecard_for_future_projects,Marketplace/Blog/_archive_marketplace_43_49_pre_collision_packages/46_how_to_create_a_repeatable_automation_buying_scorecard_for_future_projects/image-prompts.md,true,label_objective_scene_style,true,true,true,false,true,true,false,true,true,A,P2,none
Marketplace,blog,47_when_a_manufacturer_should_build_an_approved_supplier_pattern_not_a_vendor_list,Marketplace/Blog/_archive_marketplace_43_49_pre_collision_packages/47_when_a_manufacturer_should_build_an_approved_supplier_pattern_not_a_vendor_list/image-prompts.md,true,label_objective_scene_style,true,true,true,false,true,true,false,true,true,A,P2,none
Marketplace,blog,48_what_a_good_pre_fat_alignment_pack_should_include,Marketplace/Blog/_archive_marketplace_43_49_pre_collision_packages/48_what_a_good_pre_fat_alignment_pack_should_include/image-prompts.md,true,label_objective_scene_style,true,true,true,false,true,true,false,true,true,A,P2,none
Marketplace,blog,49_how_to_review_automation_buying_decisions_after_go_live_without_blame_theater,Marketplace/Blog/_archive_marketplace_43_49_pre_collision_packages/49_how_to_review_automation_buying_decisions_after_go_live_without_blame_theater/image-prompts.md,true,label_objective_scene_style,true,true,true,false,true,true,false,true,true,A,P2,none
Vector,blog,01_why_public_ai_is_a_security_risk_for_industrial_operations,Vector/Blog/01_why_public_ai_is_a_security_risk_for_industrial_operations/image-prompts.md,false,bullet_objective_scene_style,true,true,true,false,true,true,false,true,true,A,P2,none
Vector,blog,02_will_your_data_train_someone_elses_model_what_every_manufacturer_should_ask,Vector/Blog/02_will_your_data_train_someone_elses_model_what_every_manufacturer_should_ask/image-prompts.md,false,bullet_objective_scene_style,true,true,true,false,true,true,true,true,true,A,P2,none
Vector,blog,03_on_prem_vs_cloud_ai_for_manufacturing_what_actually_matters,Vector/Blog/03_on_prem_vs_cloud_ai_for_manufacturing_what_actually_matters/image-prompts.md,false,bullet_objective_scene_style,true,true,true,false,true,true,true,true,true,A,P2,none
Vector,blog,04_generic_llm_vs_industrial_ai_the_difference_is_bigger_than_accuracy,Vector/Blog/04_generic_llm_vs_industrial_ai_the_difference_is_bigger_than_accuracy/image-prompts.md,false,bullet_objective_scene_style,true,true,true,false,true,true,true,true,true,A,P2,none
Vector,blog,05_why_factory_data_should_never_be_treated_like_generic_enterprise_data,Vector/Blog/05_why_factory_data_should_never_be_treated_like_generic_enterprise_data/image-prompts.md,false,bullet_objective_scene_style,true,true,true,false,true,true,true,true,true,A,P2,none
Vector,blog,06_the_hidden_risk_of_uploading_layouts_costs_and_process_know_how_to_public_ai,Vector/Blog/06_the_hidden_risk_of_uploading_layouts_costs_and_process_know_how_to_public_ai/image-prompts.md,false,bullet_objective_scene_style,true,true,true,false,true,true,true,true,true,A,P2,none
Vector,blog,07_what_private_ai_really_means_in_a_manufacturing_environment,Vector/Blog/07_what_private_ai_really_means_in_a_manufacturing_environment/image-prompts.md,false,bullet_objective_scene_style,true,true,true,false,true,true,true,true,true,A,P2,none
Vector,blog,08_how_to_evaluate_an_industrial_ai_vendor_without_getting_lost_in_buzzwords,Vector/Blog/08_how_to_evaluate_an_industrial_ai_vendor_without_getting_lost_in_buzzwords/image-prompts.md,false,bullet_objective_scene_style,true,true,true,false,true,true,true,true,true,A,P2,none
Vector,blog,09_why_ai_governance_matters_more_in_factories_than_in_offices,Vector/Blog/09_why_ai_governance_matters_more_in_factories_than_in_offices/image-prompts.md,false,bullet_objective_scene_style,true,true,true,false,true,true,true,true,true,A,P2,none
Vector,blog,10_ai_that_recommends_is_useful_ai_that_decides_alone_is_dangerous,Vector/Blog/10_ai_that_recommends_is_useful_ai_that_decides_alone_is_dangerous/image-prompts.md,false,bullet_objective_scene_style,true,true,true,false,true,true,true,true,true,A,P2,none
Vector,blog,11_the_real_cost_of_choosing_the_wrong_ai_deployment_model,Vector/Blog/11_the_real_cost_of_choosing_the_wrong_ai_deployment_model/image-prompts.md,false,bullet_objective_scene_style,true,true,true,false,true,true,true,true,true,A,P2,none
Vector,blog,12_can_you_audit_your_ai_why_traceability_matters_in_industrial_decisions,Vector/Blog/12_can_you_audit_your_ai_why_traceability_matters_in_industrial_decisions/image-prompts.md,false,bullet_objective_scene_style,true,true,true,false,true,true,true,true,true,A,P2,none
Vector,blog,13_why_domain_knowledge_beats_bigger_generic_models_in_manufacturing,Vector/Blog/13_why_domain_knowledge_beats_bigger_generic_models_in_manufacturing/image-prompts.md,false,bullet_objective_scene_style,true,true,true,false,true,true,true,true,true,A,P2,none
Vector,blog,14_what_it_means_to_train_an_ai_on_real_transformation_cases,Vector/Blog/14_what_it_means_to_train_an_ai_on_real_transformation_cases/image-prompts.md,false,bullet_objective_scene_style,true,true,true,false,true,true,true,true,true,A,P2,none
Vector,blog,15_why_security_teams_block_ai_projects_and_when_theyre_right,Vector/Blog/15_why_security_teams_block_ai_projects_and_when_theyre_right/image-prompts.md,false,bullet_objective_scene_style,true,true,true,false,true,true,true,true,true,A,P2,none
Vector,blog,16_industrial_ai_without_data_sovereignty_is_a_strategic_mistake,Vector/Blog/16_industrial_ai_without_data_sovereignty_is_a_strategic_mistake/image-prompts.md,false,bullet_objective_scene_style,true,true,true,false,true,true,true,true,true,A,P2,none
Vector,blog,17_how_human_approval_layers_make_ai_safer_and_more_defensible,Vector/Blog/17_how_human_approval_layers_make_ai_safer_and_more_defensible/image-prompts.md,false,bullet_objective_scene_style,true,true,true,false,true,true,true,true,true,A,P2,none
Vector,blog,18_the_enterprise_checklist_for_secure_ai_in_manufacturing,Vector/Blog/18_the_enterprise_checklist_for_secure_ai_in_manufacturing/image-prompts.md,false,bullet_objective_scene_style,true,true,true,false,true,true,true,true,true,A,P2,none
Vector,blog,19_what_makes_an_ai_model_deployment_ready_for_industry,Vector/Blog/19_what_makes_an_ai_model_deployment_ready_for_industry/image-prompts.md,false,bullet_objective_scene_style,true,true,true,false,true,true,true,true,true,A,P2,none
Vector,blog,20_how_dbr77_vector_differs_from_chatgpt_wrappers_and_generic_copilots,Vector/Blog/20_how_dbr77_vector_differs_from_chatgpt_wrappers_and_generic_copilots/image-prompts.md,false,bullet_objective_scene_style,true,true,true,false,true,true,true,true,true,A,P2,none
Vector,blog,21_when_a_manufacturer_should_choose_private_ai_over_public_ai_convenience,Vector/Blog/21_when_a_manufacturer_should_choose_private_ai_over_public_ai_convenience/image-prompts.md,false,bullet_objective_scene_style,true,true,true,false,true,false,true,true,true,A,P2,none
Vector,blog,22_how_to_run_a_security_review_of_an_industrial_ai_vendor,Vector/Blog/22_how_to_run_a_security_review_of_an_industrial_ai_vendor/image-prompts.md,false,bullet_objective_scene_style,true,true,true,false,true,false,true,true,true,A,P2,none
Vector,blog,23_what_an_ai_deployment_boundary_should_include_in_manufacturing,Vector/Blog/23_what_an_ai_deployment_boundary_should_include_in_manufacturing/image-prompts.md,false,bullet_objective_scene_style,true,true,true,false,true,false,true,true,true,A,P2,none
Vector,blog,24_when_ai_outputs_need_human_approval_and_when_they_do_not,Vector/Blog/24_when_ai_outputs_need_human_approval_and_when_they_do_not/image-prompts.md,false,bullet_objective_scene_style,true,true,true,false,true,false,true,true,true,A,P2,none
Vector,blog,25_how_to_compare_industrial_ai_training_policies_without_marketing_fog,Vector/Blog/25_how_to_compare_industrial_ai_training_policies_without_marketing_fog/image-prompts.md,false,bullet_objective_scene_style,true,true,true,false,true,false,true,true,true,A,P2,none
Vector,blog,26_what_traceability_should_look_like_in_a_manufacturing_ai_system,Vector/Blog/26_what_traceability_should_look_like_in_a_manufacturing_ai_system/image-prompts.md,false,bullet_objective_scene_style,true,true,true,false,true,false,true,true,true,A,P2,none
Vector,blog,27_when_on_prem_ai_is_worth_the_complexity_and_when_it_is_not,Vector/Blog/27_when_on_prem_ai_is_worth_the_complexity_and_when_it_is_not/image-prompts.md,false,bullet_objective_scene_style,true,true,true,false,true,false,true,true,true,A,P2,none
Vector,blog,28_how_to_build_a_governed_pilot_for_industrial_ai_without_creating_shadow_it,Vector/Blog/28_how_to_build_a_governed_pilot_for_industrial_ai_without_creating_shadow_it/image-prompts.md,false,bullet_objective_scene_style,true,true,true,false,true,false,true,true,true,A,P2,none
Vector,blog,29_what_a_cto_should_ask_before_connecting_ai_to_factory_systems,Vector/Blog/29_what_a_cto_should_ask_before_connecting_ai_to_factory_systems/image-prompts.md,false,bullet_objective_scene_style,true,true,true,false,true,false,true,true,true,A,P2,none
Vector,blog,30_how_to_turn_secure_industrial_ai_into_a_repeatable_operating_capability,Vector/Blog/30_how_to_turn_secure_industrial_ai_into_a_repeatable_operating_capability/image-prompts.md,false,bullet_objective_scene_style,true,true,true,false,true,false,true,true,true,A,P2,none
Vector,blog,31_when_ai_security_claims_are_too_vague_for_industrial_buyers,Vector/Blog/31_when_ai_security_claims_are_too_vague_for_industrial_buyers/image-prompts.md,false,bullet_objective_scene_style,true,true,true,false,true,false,true,true,true,A,P2,none
Vector,blog,32_how_to_classify_factory_use_cases_by_ai_risk_before_adoption,Vector/Blog/32_how_to_classify_factory_use_cases_by_ai_risk_before_adoption/image-prompts.md,false,bullet_objective_scene_style,true,true,true,false,true,false,true,true,true,A,P2,none
Vector,blog,33_what_a_private_ai_architecture_review_should_decide_before_rollout,Vector/Blog/33_what_a_private_ai_architecture_review_should_decide_before_rollout/image-prompts.md,false,bullet_objective_scene_style,true,true,true,false,true,false,true,true,true,A,P2,none
Vector,blog,34_when_a_manufacturer_should_isolate_ai_by_site_business_unit_or_workflow,Vector/Blog/34_when_a_manufacturer_should_isolate_ai_by_site_business_unit_or_workflow/image-prompts.md,false,bullet_objective_scene_style,true,true,true,false,true,false,true,true,true,A,P2,none
Vector,blog,35_how_to_write_non_negotiable_ai_requirements_into_enterprise_procurement,Vector/Blog/35_how_to_write_non_negotiable_ai_requirements_into_enterprise_procurement/image-prompts.md,false,bullet_objective_scene_style,true,true,true,false,true,false,true,true,true,A,P2,none
Vector,blog,36_what_an_industrial_ai_incident_response_model_should_include,Vector/Blog/36_what_an_industrial_ai_incident_response_model_should_include/image-prompts.md,false,bullet_objective_scene_style,true,true,true,false,true,false,true,true,true,A,P2,none
Vector,blog,37_when_factory_knowledge_should_not_be_exposed_to_generic_ai_tools,Vector/Blog/37_when_factory_knowledge_should_not_be_exposed_to_generic_ai_tools/image-prompts.md,false,bullet_objective_scene_style,true,true,true,false,true,false,true,true,true,A,P2,none
Vector,blog,38_how_to_evaluate_ai_subprocessors_and_data_paths_in_manufacturing,Vector/Blog/38_how_to_evaluate_ai_subprocessors_and_data_paths_in_manufacturing/image-prompts.md,false,bullet_objective_scene_style,true,true,true,false,true,false,true,true,true,A,P2,none
Vector,blog,39_what_a_secure_human_in_the_loop_design_should_look_like_for_industrial_ai,Vector/Blog/39_what_a_secure_human_in_the_loop_design_should_look_like_for_industrial_ai/image-prompts.md,false,bullet_objective_scene_style,true,true,true,false,true,false,true,true,true,A,P2,none
Vector,blog,40_how_to_scale_industrial_ai_without_losing_deployment_control,Vector/Blog/40_how_to_scale_industrial_ai_without_losing_deployment_control/image-prompts.md,false,bullet_objective_scene_style,true,true,true,false,true,false,true,true,true,A,P2,none
Vector,blog,41_when_ai_governance_should_become_a_board_level_issue_in_manufacturing,Vector/Blog/41_when_ai_governance_should_become_a_board_level_issue_in_manufacturing/image-prompts.md,false,bullet_objective_scene_style,true,true,true,false,true,false,true,true,true,A,P2,none
Vector,blog,42_what_a_manufacturer_should_require_in_an_ai_audit_export,Vector/Blog/42_what_a_manufacturer_should_require_in_an_ai_audit_export/image-prompts.md,false,bullet_objective_scene_style,true,true,true,false,true,false,true,true,true,A,P2,none
Vector,blog,43_how_to_decide_which_factory_workflows_are_safe_enough_for_ai_assistance,Vector/Blog/43_how_to_decide_which_factory_workflows_are_safe_enough_for_ai_assistance/image-prompts.md,false,bullet_objective_scene_style,true,true,true,false,true,false,true,true,true,A,P2,none
Vector,blog,44_when_an_industrial_ai_program_should_pause_before_scaling_further,Vector/Blog/44_when_an_industrial_ai_program_should_pause_before_scaling_further/image-prompts.md,false,bullet_objective_scene_style,true,true,true,false,true,false,true,true,true,A,P2,none
Vector,blog,45_what_a_secure_ai_change_control_process_should_include,Vector/Blog/45_what_a_secure_ai_change_control_process_should_include/image-prompts.md,false,bullet_objective_scene_style,true,true,true,false,true,false,true,true,true,A,P2,none
Vector,blog,46_how_to_compare_private_api_isolated_tenant_and_on_prem_ai_without_confusion,Vector/Blog/46_how_to_compare_private_api_isolated_tenant_and_on_prem_ai_without_confusion/image-prompts.md,false,bullet_objective_scene_style,true,true,true,false,true,false,true,true,true,A,P2,none
Vector,blog,47_when_ai_policy_documents_fail_and_operating_rules_should_replace_them,Vector/Blog/47_when_ai_policy_documents_fail_and_operating_rules_should_replace_them/image-prompts.md,false,bullet_objective_scene_style,true,true,true,false,true,false,true,true,true,A,P2,none
Vector,blog,48_what_a_multi_site_industrial_ai_rollout_should_standardize_first,Vector/Blog/48_what_a_multi_site_industrial_ai_rollout_should_standardize_first/image-prompts.md,false,bullet_objective_scene_style,true,true,true,false,true,false,true,true,true,A,P2,none
Vector,blog,49_how_to_review_industrial_ai_risk_after_the_first_90_days,Vector/Blog/49_how_to_review_industrial_ai_risk_after_the_first_90_days/image-prompts.md,false,bullet_objective_scene_style,true,true,true,false,true,false,true,true,true,A,P2,none
Vector,blog,50_how_to_build_a_manufacturing_ai_governance_system_that_survives_scale,Vector/Blog/50_how_to_build_a_manufacturing_ai_governance_system_that_survives_scale/image-prompts.md,false,bullet_objective_scene_style,true,true,true,false,true,false,true,true,true,A,P2,none
