atomic_id,table_id,module,surface,area,checkpoint_id,severity,observed,expected,recommendation,evidence_path,verified_status,evidence_gate_status
T01-KEBAB-K04,T01,My Work,Ideas,KEBAB,K04,P0,Menu renders about 6 visually separated groups,Maximum 3 zones context→manage→danger,Reduce to at most three canonical zones,tables/T01/evidence/T01__my-work-ideas__KEBAB__row-open__1440x900__sha-94264784f925.png,FAIL,PASS_2_VISUAL_CONFIRMED
T01-KEBAB-K14,T01,My Work,Ideas,KEBAB,K14,P1,Disabled Table has appended soon badge,No soon/coming soon comments,Keep disabled item lighter but remove the user-facing comment,tables/T01/evidence/T01__my-work-ideas__KEBAB__row-open__1440x900__sha-94264784f925.png,FAIL,PASS_2_VISUAL_CONFIRMED
T01-KEBAB-K15,T01,My Work,Ideas,KEBAB,K15,P1,Both Open and Open preview appear,No semantic duplicate Open/Open preview,Retain distinct actions only when their effects and labels are unambiguous; otherwise remove duplication,tables/T01/evidence/T01__my-work-ideas__KEBAB__row-open__1440x900__sha-94264784f925.png,FAIL,PASS_2_VISUAL_CONFIRMED
T01-KEBAB-K18,T01,My Work,Ideas,KEBAB,K18,P1,Measured menu items width 158px,Menu width 220–320px,Use canonical menu width token,tables/T01/evidence/T01__my-work-ideas__KEBAB__row-open__1440x900__sha-94264784f925.png,FAIL,PASS_2_VISUAL_CONFIRMED
T01-KEBAB-K19,T01,My Work,Ideas,KEBAB,K19,P1,Most measured items h=28px; disabled Table h=32px,Items h=36px,Normalize every item to h-9,tables/T01/evidence/T01__my-work-ideas__KEBAB__row-open__1440x900__sha-94264784f925.png,FAIL,PASS_2_VISUAL_CONFIRMED
T01-MENU_1_2_3-M16,T01,My Work,Ideas,MENU_1_2_3,M16,P1,"1 selected and actions are present, but Clear has no visible X icon",N selected; Clear with X; at least one real action,Add canonical X icon to Clear,tables/T01/evidence/T01__my-work-ideas__MENU_1_2_3__bulk-1-selected__1440x900__sha-94264784f925.png,FAIL,PASS_2_VISUAL_CONFIRMED
T01-MENU_1_2_3-M26,T01,My Work,Ideas,MENU_1_2_3,M26,P0,Updated and final action columns extend beyond the right viewport; row kebabs are unavailable,No clipping or lost functionality at 1280x720,Implement zero-sum responsive columns or explicit table overflow that keeps identifier and actions reachable,tables/T01/evidence/T01__my-work-ideas__MENU_1_2_3__base__1280x720__sha-94264784f925.png,FAIL,PASS_2_VISUAL_CONFIRMED
T01-PPM-C01,T01,My Work,Ideas,PPM,C01,P0,Right click on first row produced zero role=menu and zero menuitem,Right click on whole row opens application menu,Connect row contextmenu to the shared RowActionRegistry,tables/T01/evidence/T01__my-work-ideas__PPM__row-open__1440x900__sha-94264784f925.png,FAIL,PASS_2_VISUAL_CONFIRMED
T01-PPM-C16,T01,My Work,Ideas,PPM,C16,P0,No application PPM was rendered,Evidence shows application PPM,Render application menu and suppress browser menu only within the row handler,tables/T01/evidence/T01__my-work-ideas__PPM__row-open__1440x900__sha-94264784f925.png,FAIL,PASS_2_VISUAL_CONFIRMED
T01-PREVIEW-P08,T01,My Work,Ideas,PREVIEW,P08,P1,Details is a divider section without visible local kebab,Details card with local kebab,Render canonical Details card and local actions trigger,tables/T01/evidence/T01__my-work-ideas__PREVIEW__row-open__1440x900__sha-94264784f925.png,FAIL,PASS_2_VISUAL_CONFIRMED
T01-PREVIEW-P13,T01,My Work,Ideas,PREVIEW,P13,P1,No Relations section is visible,Relations card or canonical No relations,Add Relations section or explicit No relations state,tables/T01/evidence/T01__my-work-ideas__PREVIEW__row-open__1440x900__sha-94264784f925.png,FAIL,PASS_2_VISUAL_CONFIRMED
T01-PREVIEW-P25,T01,My Work,Ideas,PREVIEW,P25,P1,UI reports approximately 11 words,Details prose 80–140 words,Generate contextually useful canonical-length details,tables/T01/evidence/T01__my-work-ideas__PREVIEW__row-open__1440x900__sha-94264784f925.png,FAIL,PASS_2_VISUAL_CONFIRMED
T01-PREVIEW-P30,T01,My Work,Ideas,PREVIEW,P30,P0,WHAT'S NEXT renders at least 7 horizontally and items extend beyond x=1440,Two columns; max 6 visible actions,Use 2-column grid capped at 6; move overflow into full action menu,tables/T01/evidence/T01__my-work-ideas__PREVIEW__row-open__1440x900__sha-94264784f925.png,FAIL,PASS_2_VISUAL_CONFIRMED
T01-TABLE-T09,T01,My Work,Ideas,TABLE,T09,P1,Measured title wrapper 16px/400 with 24px line-height,Title 14px semibold,Use canonical 14px/600 title token and verify the actual text node,tables/T01/evidence/T01__my-work-ideas__TABLE__default__1440x900__sha-94264784f925.png,FAIL,PASS_2_VISUAL_CONFIRMED
T02-KEBAB-K15,T02,My Work,Notebook,KEBAB,K15,P1,Open and Open preview lead to the same full editor state,No semantic duplicate Open/Open preview,Keep separate labels only when effects are distinct; implement real preview or remove duplicate,tables/T02/evidence/T02__my-work-notebook__KEBAB__row-open__1440x900__sha-94264784f925.png,FAIL,PASS_2_VISUAL_CONFIRMED
T02-KEBAB-K18,T02,My Work,Notebook,KEBAB,K18,P1,Measured 158px,Menu width 220–320px,Use canonical menu width,tables/T02/evidence/T02__my-work-notebook__KEBAB__row-open__1440x900__sha-94264784f925.png,FAIL,PASS_2_VISUAL_CONFIRMED
T02-KEBAB-K19,T02,My Work,Notebook,KEBAB,K19,P1,All four items measure 28px,Every item h=36px,Normalize to h-9,tables/T02/evidence/T02__my-work-notebook__KEBAB__row-open__1440x900__sha-94264784f925.png,FAIL,PASS_2_VISUAL_CONFIRMED
T02-KEBAB-K20,T02,My Work,Notebook,KEBAB,K20,P0,Open is rendered with a crimson/pink tone similar to danger,Ordinary actions neutral; crimson only danger,Use neutral color for Open and reserve crimson for Delete,tables/T02/evidence/T02__my-work-notebook__KEBAB__row-open__1440x900__sha-94264784f925.png,FAIL,PASS_2_VISUAL_CONFIRMED
T02-MENU_1_2_3-M26,T02,My Work,Notebook,MENU_1_2_3,M26,P0,Manager tab is clipped to a partial icon before New notebook CTA,No clipping or lost Menu 2 function at 1280x720,Provide explicit overflow or reserve width for all Menu 2 destinations and CTA,tables/T02/evidence/T02__my-work-notebook__MENU_1_2_3__base__1280x720__sha-94264784f925.png,FAIL,PASS_2_VISUAL_CONFIRMED
T02-PPM-C12,T02,My Work,Notebook,PPM,C12,P0,"PPM inherits 158px width, 28px items and non-danger Open color error",Canonical menu graphics identical to compliant kebab,Fix shared menu component/tokens once for kebab and PPM,tables/T02/evidence/T02__my-work-notebook__PPM__row-open__1440x900__sha-94264784f925.png,FAIL,PASS_2_VISUAL_CONFIRMED
T02-PREVIEW-P01,T02,My Work,Notebook,PREVIEW,P01,P0,Both single click and Open preview replace the list with the full Notebook editor,Single click/Open preview opens standard side panel without replacing list,Implement the canonical side preview and reserve Open for the full editor,tables/T02/evidence/T02__my-work-notebook__PREVIEW__row-open__1440x900__sha-94264784f925.png,FAIL,PASS_2_VISUAL_CONFIRMED
T02-PREVIEW-P03,T02,My Work,Notebook,PREVIEW,P03,P0,Full-width notebook workspace replaces the table,Side panel width 340–480px with table still visible,Render canonical preview beside the list,tables/T02/evidence/T02__my-work-notebook__PREVIEW__row-open__1440x900__sha-94264784f925.png,FAIL,PASS_2_VISUAL_CONFIRMED
T02-TABLE-T27,T02,My Work,Notebook,TABLE,T27,P1,Title subtitle repeats both note count and updated date already present in Notes and Updated columns,No redundant information,Keep descriptive subtitle or remove it; do not duplicate structured columns,tables/T02/evidence/T02__my-work-notebook__TABLE__default__1440x900__sha-94264784f925.png,FAIL,PASS_2_VISUAL_CONFIRMED
T03-KEBAB-K18,T03,My Work,Inbox,KEBAB,K18,P1,Measured 205px,Menu width 220–320px,Use canonical menu width,tables/T03/evidence/T03__my-work-inbox__KEBAB__row-open__1440x900__sha-94264784f925.png,FAIL,PASS_2_VISUAL_CONFIRMED
T03-KEBAB-K19,T03,My Work,Inbox,KEBAB,K19,P1,All 14 items measure 28px,Every item h=36px,Normalize shared items to h-9,tables/T03/evidence/T03__my-work-inbox__KEBAB__row-open__1440x900__sha-94264784f925.png,FAIL,PASS_2_VISUAL_CONFIRMED
T03-KEBAB-K24,T03,My Work,Inbox,KEBAB,K24,P1,Open preview appears after four Snooze presets and Save actions,Manage begins Open preview→Edit/Archive→Delay,Apply canonical context/manage/danger grouping and order,tables/T03/evidence/T03__my-work-inbox__KEBAB__row-open__1440x900__sha-94264784f925.png,FAIL,PASS_2_VISUAL_CONFIRMED
T03-MENU_1_2_3-M16,T03,My Work,Inbox,MENU_1_2_3,M16,P1,Clear is rendered without visible X,Clear includes canonical X,Add X icon,tables/T03/evidence/T03__my-work-inbox__MENU_1_2_3__bulk-1-selected__1440x900__sha-94264784f925.png,FAIL,PASS_2_VISUAL_CONFIRMED
T03-MENU_1_2_3-M26,T03,My Work,Inbox,MENU_1_2_3,M26,P0,Verified recapture: table remains 1424px wide and exceeds the physical viewport,No clipping/lost functionality at 1280x720,Implement responsive columns or explicit overflow with reachable actions,tables/T03/evidence/T03__my-work-inbox__MENU_1_2_3__base__1280x720__sha-94264784f925.png,FAIL,PASS_2_VISUAL_CONFIRMED
T03-PPM-C12,T03,My Work,Inbox,PPM,C12,P1,PPM inherits noncompliant 205px/28px shared menu,Canonical graphics matching compliant kebab,Fix the shared component once,tables/T03/evidence/T03__my-work-inbox__PPM__row-open__1440x900__sha-94264784f925.png,FAIL,PASS_2_VISUAL_CONFIRMED
T03-PREVIEW-P25,T03,My Work,Inbox,PREVIEW,P25,P1,UI reports approximately 6 words,Details prose 80–140 words,Provide useful canonical-length details,tables/T03/evidence/T03__my-work-inbox__PREVIEW__row-open__1440x900__sha-94264784f925.png,FAIL,PASS_2_VISUAL_CONFIRMED
T03-PREVIEW-P30,T03,My Work,Inbox,PREVIEW,P30,P0,Preview exposes Today/Week/Later/Done/Save/Note/Dismiss/Snooze and AI actions; more than six,2-column actions; max 6 visible,Keep six primary contextual actions and move overflow to full menu,tables/T03/evidence/T03__my-work-inbox__PREVIEW__row-open__1440x900__sha-94264784f925.png,FAIL,PASS_2_VISUAL_CONFIRMED
T03-TABLE-T01,T03,My Work,Inbox,TABLE,T01,P0,Verified recapture: table is 1424px wide inside physical 1280x720 viewport,Table fits content or has explicit usable overflow,Use responsive zero-sum columns or explicit reachable overflow,tables/T03/evidence/T03__my-work-inbox__MENU_1_2_3__base__1280x720__sha-94264784f925.png,FAIL,PASS_2_VISUAL_CONFIRMED
T04-KEBAB-K01,T04,My Work,Calendar,KEBAB,K01,P0,15 tbody rows and zero Row actions buttons,Each actionable row has a 32×32 kebab trigger,Add canonical row action trigger to calendar event rows,tables/T04/evidence/T04__my-work-calendar__TABLE__list__1440x900__sha-94264784f925.png,FAIL,PASS_2_VISUAL_CONFIRMED
T04-KEBAB-K05,T04,My Work,Calendar,KEBAB,K05,P0,No kebab menu is available,Row menu exposes Open and entity actions,Implement shared RowActionRegistry for calendar records,tables/T04/evidence/T04__my-work-calendar__TABLE__list__1440x900__sha-94264784f925.png,FAIL,PASS_2_VISUAL_CONFIRMED
T04-MENU_1_2_3-M25,T04,My Work,Calendar,MENU_1_2_3,M25,P1,Calendar embeds a second tool navigation with Today/month navigation and Month/Week/Day/List plus a permanent mini-calendar/source sidebar,Local modes/filters follow canonical hierarchy,Separate the calendar tool from the registered table surface or map controls into the documented menu hierarchy,tables/T04/evidence/T04__my-work-calendar__TABLE__list__1440x900__sha-94264784f925.png,FAIL,PASS_2_VISUAL_CONFIRMED
T04-PPM-C01,T04,My Work,Calendar,PPM,C01,P0,Right click on Cloud Migration Phase 2 produces zero application menus,Right click on event row opens application menu,Attach contextmenu to the calendar record row,tables/T04/evidence/T04__my-work-calendar__PPM__row-open__1440x900__sha-94264784f925.png,FAIL,PASS_2_VISUAL_CONFIRMED
T04-PPM-C16,T04,My Work,Calendar,PPM,C16,P0,No application PPM is rendered,Evidence shows application PPM,Use shared row menu for PPM,tables/T04/evidence/T04__my-work-calendar__PPM__row-open__1440x900__sha-94264784f925.png,FAIL,PASS_2_VISUAL_CONFIRMED
T04-PREVIEW-P01,T04,My Work,Calendar,PREVIEW,P01,P0,Clicking Cloud Migration Phase 2 replaces Calendar with a full Initiative view; breadcrumb becomes My Work › Tasks,Single click opens side preview and keeps table visible,Implement a calendar-record preview and keep full Open as a separate action,tables/T04/evidence/T04__my-work-calendar__DIAGNOSTIC__single-click-full-open__1440x900__sha-94264784f925.png,FAIL,PASS_2_VISUAL_CONFIRMED
T04-PREVIEW-P03,T04,My Work,Calendar,PREVIEW,P03,P0,No side preview is rendered,Preview is 340–480px beside table,Use canonical preview surface,tables/T04/evidence/T04__my-work-calendar__DIAGNOSTIC__single-click-full-open__1440x900__sha-94264784f925.png,FAIL,PASS_2_VISUAL_CONFIRMED
T04-TABLE-T25,T04,My Work,Calendar,TABLE,T25,P0,"List exposes only Time and Event, grouped by date, with no status/source/owner/action columns","Columns identify, compare and handle calendar records",Build the canonical calendar records table with useful domain columns and row actions,tables/T04/evidence/T04__my-work-calendar__TABLE__list__1440x900__sha-94264784f925.png,FAIL,PASS_2_VISUAL_CONFIRMED
T04-TABLE-T28,T04,My Work,Calendar,TABLE,T28,P0,"Calendar surface includes mini-calendar, source legend, integration controls/cards and Month/Week/Day tool modes around the list",Table-only surface between Menu 3 and table,Provide the registered canonical table as the list surface; move calendar tool/dashboard content to a separate tool view,tables/T04/evidence/T04__my-work-calendar__TABLE__list__1440x900__sha-94264784f925.png,FAIL,PASS_2_VISUAL_CONFIRMED
T05-KEBAB-K18,T05,My Work,Tasks,KEBAB,K18,P1,Measured 158px,Width 220–320px,Use canonical width,tables/T05/evidence/T05__my-work-tasks__KEBAB__row-open__1440x900__sha-94264784f925.png,FAIL,PASS_2_VISUAL_CONFIRMED
T05-KEBAB-K19,T05,My Work,Tasks,KEBAB,K19,P1,All 12 items measure 28px,Items h=36px,Use h-9 item token,tables/T05/evidence/T05__my-work-tasks__KEBAB__row-open__1440x900__sha-94264784f925.png,FAIL,PASS_2_VISUAL_CONFIRMED
T05-MENU_1_2_3-M16,T05,My Work,Tasks,MENU_1_2_3,M16,P1,Shared bulk Clear lacks visible X,Clear with X,Add canonical X,tables/T05/evidence/T05__my-work-tasks__MENU_1_2_3__bulk-1-selected__1440x900__sha-94264784f925.png,FAIL,PASS_2_VISUAL_CONFIRMED
T05-PPM-C12,T05,My Work,Tasks,PPM,C12,P1,PPM inherits 158px width and 28px items,Canonical shared graphics,Fix shared component,tables/T05/evidence/T05__my-work-tasks__PPM__row-open__1440x900__sha-94264784f925.png,FAIL,PASS_2_VISUAL_CONFIRMED
T05-PREVIEW-P25,T05,My Work,Tasks,PREVIEW,P25,P1,UI reports approximately 30 words,Details prose 80–140 words,Generate canonical-length useful details,tables/T05/evidence/T05__my-work-tasks__PREVIEW__row-open__1440x900__sha-94264784f925.png,FAIL,PASS_2_VISUAL_CONFIRMED
T05-TABLE-T11,T05,My Work,Tasks,TABLE,T11,P1,Tasks without due date render No due date,Every empty cell uses muted em dash,Replace prose placeholder with muted —,tables/T05/evidence/T05__my-work-tasks__TABLE__default__1440x900__sha-94264784f925.png,FAIL,PASS_2_VISUAL_CONFIRMED
T06-KEBAB-K11,T06,My Work,Decisions,KEBAB,K11,P0,Reject is third and followed by Edit/Copy link/AI; only Delete is last,Reject/Delete are last in isolated danger zone,Move Reject with Delete to the final danger zone,tables/T06/evidence/T06__my-work-decisions__KEBAB__row-open__1440x900__sha-94264784f925.png,FAIL,PASS_2_VISUAL_CONFIRMED
T06-KEBAB-K18,T06,My Work,Decisions,KEBAB,K18,P1,158px,Width 220–320px,Use canonical width,tables/T06/evidence/T06__my-work-decisions__KEBAB__row-open__1440x900__sha-94264784f925.png,FAIL,PASS_2_VISUAL_CONFIRMED
T06-KEBAB-K19,T06,My Work,Decisions,KEBAB,K19,P1,All seven items h=28px,Items h=36px,Use h-9 items,tables/T06/evidence/T06__my-work-decisions__KEBAB__row-open__1440x900__sha-94264784f925.png,FAIL,PASS_2_VISUAL_CONFIRMED
T06-MENU_1_2_3-M16,T06,My Work,Decisions,MENU_1_2_3,M16,P1,Bulk Clear lacks visible X,Clear with X,Add X icon,tables/T06/evidence/T06__my-work-decisions__MENU_1_2_3__bulk-1-selected__1440x900__sha-94264784f925.png,FAIL,PASS_2_VISUAL_CONFIRMED
T06-MENU_1_2_3-M26,T06,My Work,Decisions,MENU_1_2_3,M26,P0,Verified recapture: 1314px table exceeds physical viewport,No clipping at 1280x720,Apply responsive strategy,tables/T06/evidence/T06__my-work-decisions__MENU_1_2_3__base__1280x720__sha-94264784f925.png,FAIL,PASS_2_VISUAL_CONFIRMED
T06-PPM-C05,T06,My Work,Decisions,PPM,C05,P0,Reject precedes neutral manage actions,Danger actions form final zone,Move Reject to final danger zone in shared registry,tables/T06/evidence/T06__my-work-decisions__PPM__row-open__1440x900__sha-94264784f925.png,FAIL,PASS_2_VISUAL_CONFIRMED
T06-PPM-C12,T06,My Work,Decisions,PPM,C12,P1,PPM inherits 158px/28px geometry,Canonical shared graphics,Fix shared component,tables/T06/evidence/T06__my-work-decisions__PPM__row-open__1440x900__sha-94264784f925.png,FAIL,PASS_2_VISUAL_CONFIRMED
T06-PREVIEW-P25,T06,My Work,Decisions,PREVIEW,P25,P1,UI reports approximately 31 words,Details prose 80–140 words,Generate canonical-length useful context,tables/T06/evidence/T06__my-work-decisions__PREVIEW__row-open__1440x900__sha-94264784f925.png,FAIL,PASS_2_VISUAL_CONFIRMED
T06-TABLE-T01,T06,My Work,Decisions,TABLE,T01,P0,Verified recapture: table is 1314px wide and exceeds physical 1280x720 viewport,Table fits content or exposes usable overflow,Use responsive zero-sum columns or explicit reachable overflow,tables/T06/evidence/T06__my-work-decisions__MENU_1_2_3__base__1280x720__sha-94264784f925.png,FAIL,PASS_2_VISUAL_CONFIRMED
T07-KEBAB-K19,T07,My Work,Client Vault,KEBAB,K19,P1,Open/Open preview are 28px; disabled Delete is 46px,Uniform item height 36px,Use uniform 36px items,tables/T07/evidence/T07__my-work-client-vault__KEBAB__row-open__1440x900__sha-94264784f925.png,FAIL,PASS_2_VISUAL_CONFIRMED
T07-KEBAB-K20,T07,My Work,Client Vault,KEBAB,K20,P1,Disabled Delete adds a second-line explanatory comment and expands item height,Disabled actions remain in place and are only visually lighter,Remove inline comment; retain a lighter disabled Delete,tables/T07/evidence/T07__my-work-client-vault__KEBAB__row-open__1440x900__sha-94264784f925.png,FAIL,PASS_2_VISUAL_CONFIRMED
T07-MENU_1_2_3-M14,T07,My Work,Client Vault,MENU_1_2_3,M14,P1,"Rows have no selection controls, so Menu 3 cannot be invoked or audited",Row selection activates documented dynamic Menu 3,Provide canonical row selection and context-appropriate bulk actions,tables/T07/evidence/T07__my-work-client-vault__MENU_1_2_3__base__1280x720__sha-94264784f925.png,FAIL,PASS_2_VISUAL_CONFIRMED
T07-PPM-C12,T07,My Work,Client Vault,PPM,C12,P1,PPM inherits non-uniform 28/46px items and disabled explanatory copy,Canonical shared graphics,Fix shared row-action component,tables/T07/evidence/T07__my-work-client-vault__PPM__row-open__1440x900__sha-94264784f925.png,FAIL,PASS_2_VISUAL_CONFIRMED
T07-PREVIEW-P13,T07,My Work,Client Vault,PREVIEW,P13,P1,Preview ends after Recent documents and has no Relations state,Relations or explicit No relations block,Add canonical Relations block or No relations,tables/T07/evidence/T07__my-work-client-vault__PREVIEW__row-open__1440x900__sha-94264784f925.png,FAIL,PASS_2_VISUAL_CONFIRMED
T07-PREVIEW-P25,T07,My Work,Client Vault,PREVIEW,P25,P1,No Details block or explanatory description is present,Details prose 80–140 words when descriptive context is required,Generate concise vault purpose/security context in the canonical region,tables/T07/evidence/T07__my-work-client-vault__PREVIEW__row-open__1440x900__sha-94264784f925.png,FAIL,PASS_2_VISUAL_CONFIRMED
T08-KEBAB-K19,T08,My Work,Run agent,KEBAB,K19,P1,Three items are 28px and Move to folder is 46px,Uniform 36px items,Use uniform 36px rows,tables/T08/evidence/T08__my-work-run-agent__KEBAB__row-open__1440x900__sha-94264784f925.png,FAIL,PASS_2_VISUAL_CONFIRMED
T08-KEBAB-K20,T08,My Work,Run agent,KEBAB,K20,P1,Move to folder includes No folders yet — create one in the filter bar,"Disabled action is only lighter, without extra comments",Remove the explanatory subtitle,tables/T08/evidence/T08__my-work-run-agent__KEBAB__row-open__1440x900__sha-94264784f925.png,FAIL,PASS_2_VISUAL_CONFIRMED
T08-MENU_1_2_3-M16,T08,My Work,Run agent,MENU_1_2_3,M16,P1,Clear is text-only,Clear includes X icon,Add X icon,tables/T08/evidence/T08__my-work-run-agent__MENU_1_2_3__bulk-1-selected__1440x900__sha-94264784f925.png,FAIL,PASS_2_VISUAL_CONFIRMED
T08-PPM-C12,T08,My Work,Run agent,PPM,C12,P1,PPM inherits 28/46px geometry and explanatory disabled copy,Canonical shared graphics,Fix shared component,tables/T08/evidence/T08__my-work-run-agent__PPM__row-open__1440x900__sha-94264784f925.png,FAIL,PASS_2_VISUAL_CONFIRMED
T08-PREVIEW-P13,T08,My Work,Run agent,PREVIEW,P13,P1,No relations region is present,Relations or No relations,Add the canonical relations state,tables/T08/evidence/T08__my-work-run-agent__PREVIEW__row-open__1440x900__sha-94264784f925.png,FAIL,PASS_2_VISUAL_CONFIRMED
T08-PREVIEW-P25,T08,My Work,Run agent,PREVIEW,P25,P1,Preview contains metadata and step labels but no explanatory Details narrative,Details prose 80–140 words,Add concise process purpose/context,tables/T08/evidence/T08__my-work-run-agent__PREVIEW__row-open__1440x900__sha-94264784f925.png,FAIL,PASS_2_VISUAL_CONFIRMED
T09-KEBAB-K18,T09,Interview,Inbox,KEBAB,K18,P1,160px,Width 220–320px,Use canonical width,tables/T09/evidence/T09__interview-inbox__KEBAB__row-open__1440x900__sha-94264784f925.png,FAIL,PASS_2_VISUAL_CONFIRMED
T09-KEBAB-K19,T09,Interview,Inbox,KEBAB,K19,P1,All four items h=28px,Items h=36px,Use h-9 rows,tables/T09/evidence/T09__interview-inbox__KEBAB__row-open__1440x900__sha-94264784f925.png,FAIL,PASS_2_VISUAL_CONFIRMED
T09-MENU_1_2_3-M04,T09,Interview,Inbox,MENU_1_2_3,M04,P1,Four tabs include circled numeric counters in their labels,Menu 2 labels are stable navigation names,Remove counters from navigation labels,tables/T09/evidence/T09__interview-inbox__TABLE__default__1440x900__sha-94264784f925.png,FAIL,PASS_2_VISUAL_CONFIRMED
T09-MENU_1_2_3-M16,T09,Interview,Inbox,MENU_1_2_3,M16,P1,Clear is text-only,Clear includes X,Add X icon,tables/T09/evidence/T09__interview-inbox__MENU_1_2_3__bulk-1-selected__1440x900__sha-94264784f925.png,FAIL,PASS_2_VISUAL_CONFIRMED
T09-PPM-C12,T09,Interview,Inbox,PPM,C12,P1,PPM inherits 160px width and 28px items,Canonical shared graphics,Fix shared component,tables/T09/evidence/T09__interview-inbox__PPM__row-open__1440x900__sha-94264784f925.png,FAIL,PASS_2_VISUAL_CONFIRMED
T09-PREVIEW-P25,T09,Interview,Inbox,PREVIEW,P25,P1,Details meter reports about 14 words,Details 80–140 words,Generate useful canonical-length context,tables/T09/evidence/T09__interview-inbox__PREVIEW__row-open__1440x900__sha-94264784f925.png,FAIL,PASS_2_VISUAL_CONFIRMED
T09-PREVIEW-P30,T09,Interview,Inbox,PREVIEW,P30,P1,"Preview exposes AI actions, linked session, continue/open and three delay buttons",At most six direct contextual actions,Keep six direct actions and move overflow to menu,tables/T09/evidence/T09__interview-inbox__PREVIEW__row-open__1440x900__sha-94264784f925.png,FAIL,PASS_2_VISUAL_CONFIRMED
T09-TABLE-T27,T09,Interview,Inbox,TABLE,T27,P1,TYPE and NAME repeat the identical interview title in every observed row,Columns provide distinct useful information,Use a real type/category value or remove the redundant column,tables/T09/evidence/T09__interview-inbox__TABLE__default__1440x900__sha-94264784f925.png,FAIL,PASS_2_VISUAL_CONFIRMED
T10-KEBAB-K18,T10,Interview,Sessions or Processes,KEBAB,K18,P1,160px,Width 220–320px,Use canonical width,tables/T10/evidence/T10__interview-sessions__KEBAB__row-open__1440x900__sha-94264784f925.png,FAIL,PASS_2_VISUAL_CONFIRMED
T10-KEBAB-K19,T10,Interview,Sessions or Processes,KEBAB,K19,P1,Open preview and Archive are 28px; Delete is 46px,Uniform 36px items,Use uniform 36px rows,tables/T10/evidence/T10__interview-sessions__KEBAB__row-open__1440x900__sha-94264784f925.png,FAIL,PASS_2_VISUAL_CONFIRMED
T10-KEBAB-K20,T10,Interview,Sessions or Processes,KEBAB,K20,P1,Delete includes the second line Archive first,Disabled action is lighter without explanatory copy,Remove inline explanation and retain only lighter disabled styling,tables/T10/evidence/T10__interview-sessions__KEBAB__row-open__1440x900__sha-94264784f925.png,FAIL,PASS_2_VISUAL_CONFIRMED
T10-MENU_1_2_3-M05,T10,Interview,Sessions or Processes,MENU_1_2_3,M05,P1,"Inbox, Assigned, Templates, Insights and Initiatives include circled counts",Menu 2 tabs contain no counters,Remove counters from navigation labels,tables/T10/evidence/T10__interview-sessions__TABLE__default__1440x900__sha-94264784f925.png,FAIL,PASS_2_VISUAL_CONFIRMED
T10-MENU_1_2_3-M16,T10,Interview,Sessions or Processes,MENU_1_2_3,M16,P1,Bulk Clear is text-only,Clear includes X,Add X icon,tables/T10/evidence/T10__interview-sessions__MENU_1_2_3__bulk-1-selected__1440x900__sha-94264784f925.png,FAIL,PASS_2_VISUAL_CONFIRMED
T10-MENU_1_2_3-M26,T10,Interview,Sessions or Processes,MENU_1_2_3,M26,P0,Table remains 1304px wide and exceeds viewport,No clipping at physical 1280x720,Use responsive zero-sum columns or explicit reachable overflow,tables/T10/evidence/T10__interview-sessions__MENU_1_2_3__base__1280x720__sha-94264784f925.png,FAIL,PASS_2_VISUAL_CONFIRMED
T10-PPM-C12,T10,Interview,Sessions or Processes,PPM,C12,P1,PPM inherits 160px width and 28/46px rows,Canonical shared graphics,Fix shared component,tables/T10/evidence/T10__interview-sessions__PPM__row-open__1440x900__sha-94264784f925.png,FAIL,PASS_2_VISUAL_CONFIRMED
T10-PREVIEW-P29,T10,Interview,Sessions or Processes,PREVIEW,P29,P1,Assignee/Template/Org values appear without canonical Relations card,Relations card or No relations,Use the 64px Relations region with pills or No relations,tables/T10/evidence/T10__interview-sessions__PREVIEW__row-open__1440x900__sha-94264784f925.png,FAIL,PASS_2_VISUAL_CONFIRMED
T10-TABLE-T08,T10,Interview,Sessions or Processes,TABLE,T08,P1,Observed row heights vary from 56.5px to 97px,Rows of the same variant have stable height,Constrain long cells to the documented two-line maximum and stable row variant,tables/T10/evidence/T10__interview-sessions__TABLE__default__1440x900__sha-94264784f925.png,FAIL,PASS_2_VISUAL_CONFIRMED
T11-KEBAB-K18,T11,Interview,Assigned,KEBAB,K18,P1,160px,Width 220–320px,Use canonical width,tables/T11/evidence/T11__interview-assigned__KEBAB__row-open__1440x900__sha-94264784f925.png,FAIL,PASS_2_VISUAL_DOM_PARITY_CONFIRMED
T11-KEBAB-K19,T11,Interview,Assigned,KEBAB,K19,P1,All four items h=28px,Items h=36px,Use h-9 items,tables/T11/evidence/T11__interview-assigned__KEBAB__row-open__1440x900__sha-94264784f925.png,FAIL,PASS_2_VISUAL_DOM_PARITY_CONFIRMED
T11-MENU_1_2_3-M05,T11,Interview,Assigned,MENU_1_2_3,M05,P1,Five navigation tabs embed circled counters,No counters in Menu 2 tabs,Remove counters,tables/T11/evidence/T11__interview-assigned__TABLE__default__1440x900__sha-94264784f925.png,FAIL,PASS_2_VISUAL_DOM_PARITY_CONFIRMED
T11-MENU_1_2_3-M16,T11,Interview,Assigned,MENU_1_2_3,M16,P1,Clear is text-only,Clear includes X,Add X icon,tables/T11/evidence/T11__interview-assigned__MENU_1_2_3__bulk-1-selected__1440x900__sha-94264784f925.png,FAIL,PASS_2_VISUAL_DOM_PARITY_CONFIRMED
T11-MENU_1_2_3-M26,T11,Interview,Assigned,MENU_1_2_3,M26,P0,1484px table exceeds physical 1280 viewport,No clipping at 1280x720,Implement responsive sizing/overflow,tables/T11/evidence/T11__interview-assigned__MENU_1_2_3__base__1280x720__sha-94264784f925.png,FAIL,PASS_2_VISUAL_DOM_PARITY_CONFIRMED
T11-PPM-C12,T11,Interview,Assigned,PPM,C12,P1,PPM inherits 160px/28px geometry,Canonical shared graphics,Fix shared component,tables/T11/evidence/T11__interview-assigned__PPM__row-open__1440x900__sha-94264784f925.png,FAIL,PASS_2_VISUAL_DOM_PARITY_CONFIRMED
T11-PREVIEW-P25,T11,Interview,Assigned,PREVIEW,P25,P1,Word counter reports about 20 words,Details prose 80–140 words,Generate useful assignment context,tables/T11/evidence/T11__interview-assigned__PREVIEW__row-open__1440x900__sha-94264784f925.png,FAIL,PASS_2_VISUAL_DOM_PARITY_CONFIRMED
T11-PREVIEW-P29,T11,Interview,Assigned,PREVIEW,P29,P1,Category and Linked session appear without the specified Relations card anatomy,Canonical Relations block,Use the 64px Relations region,tables/T11/evidence/T11__interview-assigned__PREVIEW__row-open__1440x900__sha-94264784f925.png,FAIL,PASS_2_VISUAL_DOM_PARITY_CONFIRMED
T11-TABLE-T01,T11,Interview,Assigned,TABLE,T01,P0,Table is 1484px wide and exceeds even the 1440 viewport,Table fits content or exposes usable overflow,Use zero-sum columns or explicit reachable horizontal overflow,tables/T11/evidence/T11__interview-assigned__TABLE__default__1440x900__sha-94264784f925.png,FAIL,PASS_2_VISUAL_DOM_PARITY_CONFIRMED
T12-KEBAB-K10,T12,Interview,Templates,KEBAB,K10,P2,Seven flat actions include overlapping Clone/Open/Edit pathways without grouping,Only necessary contextual actions,Reduce or group secondary actions and keep the primary contextual set,tables/T12/evidence/T12__interview-templates__KEBAB__row-actions__1440x900__sha-94264784f925.png,FAIL,PASS_2_VISUAL_DOM_PARITY_CONFIRMED
T12-KEBAB-K18,T12,Interview,Templates,KEBAB,K18,P1,Menu width is 160px,Width 220–320px,Use canonical width,tables/T12/evidence/T12__interview-templates__KEBAB__row-actions__1440x900__sha-94264784f925.png,FAIL,PASS_2_VISUAL_DOM_PARITY_CONFIRMED
T12-KEBAB-K19,T12,Interview,Templates,KEBAB,K19,P1,Six items are 28px and View usage is 32px,Items h=36px,Use consistent h-9 items,tables/T12/evidence/T12__interview-templates__KEBAB__row-actions__1440x900__sha-94264784f925.png,FAIL,PASS_2_VISUAL_DOM_PARITY_CONFIRMED
T12-MENU_1_2_3-M05,T12,Interview,Templates,MENU_1_2_3,M05,P1,Five Menu 2 labels embed circled counters,No counters in Menu 2 tabs,Remove counters from navigation labels,tables/T12/evidence/T12__interview-templates__TABLE__default__1440x900__sha-94264784f925.png,FAIL,PASS_2_VISUAL_DOM_PARITY_CONFIRMED
T12-MENU_1_2_3-M16,T12,Interview,Templates,MENU_1_2_3,M16,P1,Clear is text-only; Archive is the only contextual bulk action,Clear includes X,Add the X icon to Clear,tables/T12/evidence/T12__interview-templates__MENU_1_2_3__bulk-1-selected__1440x900__sha-94264784f925.png,FAIL,PASS_2_VISUAL_DOM_PARITY_CONFIRMED
T12-PPM-C12,T12,Interview,Templates,PPM,C12,P1,PPM inherits the non-canonical 160px width and 28/32px items,Canonical shared graphics,Fix the shared menu component,tables/T12/evidence/T12__interview-templates__PPM__row-context__1440x900__sha-94264784f925.png,FAIL,PASS_2_VISUAL_DOM_PARITY_CONFIRMED
T12-PREVIEW-P25,T12,Interview,Templates,PREVIEW,P25,P1,Details counter reports about 12 words,Details prose 80–140 words,Generate useful template context within the canonical range,tables/T12/evidence/T12__interview-templates__PREVIEW__row-open__1440x900__sha-94264784f925.png,FAIL,PASS_2_VISUAL_DOM_PARITY_CONFIRMED
T12-PREVIEW-P29,T12,Interview,Templates,PREVIEW,P29,P1,Audience appears inline and no canonical Relations region is present,Canonical 64px Relations block,Add the standard Relations block,tables/T12/evidence/T12__interview-templates__PREVIEW__row-open__1440x900__sha-94264784f925.png,FAIL,PASS_2_VISUAL_DOM_PARITY_CONFIRMED
T13-KEBAB-K10,T13,Interview,Insights,KEBAB,K10,P1,Eight actions plus a Convert to label create an unprioritized flat menu,Only necessary contextual actions,Move conversion into a submenu and retain necessary primary actions,tables/T13/evidence/T13__interview-insights__KEBAB__row-actions__1440x900__sha-94264784f925.png,FAIL,PASS_2_VISUAL_DOM_PARITY_CONFIRMED
T13-KEBAB-K18,T13,Interview,Insights,KEBAB,K18,P1,Menu width is about 172px,Width 220–320px,Use canonical width,tables/T13/evidence/T13__interview-insights__KEBAB__row-actions__1440x900__sha-94264784f925.png,FAIL,PASS_2_VISUAL_DOM_PARITY_CONFIRMED
T13-KEBAB-K19,T13,Interview,Insights,KEBAB,K19,P1,Seven items are 28px and disabled Edit is 46px,Items h=36px,Use consistent h-9 items,tables/T13/evidence/T13__interview-insights__KEBAB__row-actions__1440x900__sha-94264784f925.png,FAIL,PASS_2_VISUAL_DOM_PARITY_CONFIRMED
T13-MENU_1_2_3-M05,T13,Interview,Insights,MENU_1_2_3,M05,P1,Five navigation tabs embed circled counters,No counters in Menu 2 tabs,Remove counters,tables/T13/evidence/T13__interview-insights__TABLE__default__1440x900__sha-94264784f925.png,FAIL,PASS_2_VISUAL_DOM_PARITY_CONFIRMED
T13-MENU_1_2_3-M16,T13,Interview,Insights,MENU_1_2_3,M16,P1,Clear is text-only; Export CSV and Archive are contextual,Clear includes X,Add X to Clear,tables/T13/evidence/T13__interview-insights__MENU_1_2_3__bulk-1-selected__1440x900__sha-94264784f925.png,FAIL,PASS_2_VISUAL_DOM_PARITY_CONFIRMED
T13-PPM-C12,T13,Interview,Insights,PPM,C12,P1,PPM repeats the 172px and 28/46px non-canonical geometry,Canonical shared graphics,Fix the shared menu component,tables/T13/evidence/T13__interview-insights__PPM__row-context__1440x900__sha-94264784f925.png,FAIL,PASS_2_VISUAL_DOM_PARITY_CONFIRMED
T13-PREVIEW-P25,T13,Interview,Insights,PREVIEW,P25,P1,Details counter reports about 277 words,Details prose 80–140 words,Summarize the main insight in the canonical range,tables/T13/evidence/T13__interview-insights__PREVIEW__row-open__1440x900__sha-94264784f925.png,FAIL,PASS_2_VISUAL_DOM_PARITY_CONFIRMED
T13-PREVIEW-P29,T13,Interview,Insights,PREVIEW,P29,P1,No canonical 64px Relations region is present,Canonical Relations block,Add sources and outputs in the Relations block,tables/T13/evidence/T13__interview-insights__PREVIEW__row-open__1440x900__sha-94264784f925.png,FAIL,PASS_2_VISUAL_DOM_PARITY_CONFIRMED
T14-KEBAB-K18,T14,Interview,Initiatives,KEBAB,K18,P1,160px,Width 220–320px,Use canonical width,tables/T14/evidence/T14__interview-initiatives__KEBAB__row-actions__1440x900__sha-94264784f925.png,FAIL,PASS_2_VISUAL_DOM_PARITY_CONFIRMED
T14-KEBAB-K19,T14,Interview,Initiatives,KEBAB,K19,P1,All three items are 28px,Items h=36px,Use h-9 items,tables/T14/evidence/T14__interview-initiatives__KEBAB__row-actions__1440x900__sha-94264784f925.png,FAIL,PASS_2_VISUAL_DOM_PARITY_CONFIRMED
T14-MENU_1_2_3-M05,T14,Interview,Initiatives,MENU_1_2_3,M05,P1,Five navigation tabs embed circled counters,No counters in Menu 2 tabs,Remove counters,tables/T14/evidence/T14__interview-initiatives__TABLE__default__1440x900__sha-94264784f925.png,FAIL,PASS_2_VISUAL_DOM_PARITY_CONFIRMED
T14-MENU_1_2_3-M16,T14,Interview,Initiatives,MENU_1_2_3,M16,P1,Clear is text-only; Archive remains visible but disabled,Clear includes X and unavailable actions are visibly disabled,Add X to Clear; disabled styling is acceptable,tables/T14/evidence/T14__interview-initiatives__MENU_1_2_3__bulk-1-selected__1440x900__sha-94264784f925.png,FAIL,PASS_2_VISUAL_DOM_PARITY_CONFIRMED
T14-PPM-C12,T14,Interview,Initiatives,PPM,C12,P1,PPM inherits 160px/28px geometry,Canonical shared graphics,Fix shared component,tables/T14/evidence/T14__interview-initiatives__PPM__row-context__1440x900__sha-94264784f925.png,FAIL,PASS_2_VISUAL_DOM_PARITY_CONFIRMED
T14-PREVIEW-P25,T14,Interview,Initiatives,PREVIEW,P25,P0,Details says No description,Details prose 80–140 words,Generate a useful initiative description,tables/T14/evidence/T14__interview-initiatives__PREVIEW__row-open__1440x900__sha-94264784f925.png,FAIL,PASS_2_VISUAL_DOM_PARITY_CONFIRMED
T14-PREVIEW-P29,T14,Interview,Initiatives,PREVIEW,P29,P1,Source is shown as a loose chip instead of the standard region,Canonical Relations block,Use the 64px Relations block,tables/T14/evidence/T14__interview-initiatives__PREVIEW__row-open__1440x900__sha-94264784f925.png,FAIL,PASS_2_VISUAL_DOM_PARITY_CONFIRMED
T15-KEBAB-K18,T15,Consulting Tools,Library,KEBAB,K18,P1,160px,Width 220–320px,Use canonical width,tables/T15/evidence/T15__tools-library__KEBAB__row-actions__1440x900__sha-94264784f925.png,FAIL,PASS_2_VISUAL_DOM_PARITY_CONFIRMED
T15-KEBAB-K19,T15,Consulting Tools,Library,KEBAB,K19,P1,All four items are 28px,Items h=36px,Use h-9 items,tables/T15/evidence/T15__tools-library__KEBAB__row-actions__1440x900__sha-94264784f925.png,FAIL,PASS_2_VISUAL_DOM_PARITY_CONFIRMED
T15-MENU_1_2_3-M14,T15,Consulting Tools,Library,MENU_1_2_3,M14,P0,Checkbox becomes selected but no bulk menu or selected-count control appears,Selection replaces filters with contextual Menu 3,Implement the canonical dynamic bulk bar,tables/T15/evidence/T15__tools-library__MENU_1_2_3__bulk-1-selected__1440x900__sha-94264784f925.png,FAIL,PASS_2_VISUAL_DOM_PARITY_CONFIRMED
T15-PPM-C12,T15,Consulting Tools,Library,PPM,C12,P1,PPM inherits 160px/28px geometry,Canonical shared graphics,Fix shared component,tables/T15/evidence/T15__tools-library__PPM__row-context__1440x900__sha-94264784f925.png,FAIL,PASS_2_VISUAL_DOM_PARITY_CONFIRMED
T15-PREVIEW-P01,T15,Consulting Tools,Library,PREVIEW,P01,P1,Row click does nothing; Preview is available only through kebab,Single row click opens preview,Make row click open the same preview,tables/T15/evidence/T15__tools-library__PREVIEW__row-open__1440x900__sha-94264784f925.png,FAIL,PASS_2_VISUAL_DOM_PARITY_CONFIRMED
T15-PREVIEW-P25,T15,Consulting Tools,Library,PREVIEW,P25,P1,Details is a short label/value grid with roughly 40 words and no word counter,Canonical 80–140 word Details region,Provide canonical useful prose while retaining key metadata,tables/T15/evidence/T15__tools-library__PREVIEW__row-open__1440x900__sha-94264784f925.png,FAIL,PASS_2_VISUAL_DOM_PARITY_CONFIRMED
T15-PREVIEW-P29,T15,Consulting Tools,Library,PREVIEW,P29,P1,No standard Relations region is present,Canonical Relations block,Add relations to sessions and outputs,tables/T15/evidence/T15__tools-library__PREVIEW__row-open__1440x900__sha-94264784f925.png,FAIL,PASS_2_VISUAL_DOM_PARITY_CONFIRMED
T15-TABLE-T08,T15,Consulting Tools,Library,TABLE,T08,P1,Header is 48px and rows are 48.5–49px,Canonical stable 56px rows,Use the standard row rhythm,tables/T15/evidence/T15__tools-library__TABLE__default__1440x900__sha-94264784f925.png,FAIL,PASS_2_VISUAL_DOM_PARITY_CONFIRMED
T16-KEBAB-K18,T16,Consulting Tools,Sessions or Processes,KEBAB,K18,P1,160px,Width 220–320px,Use canonical width,tables/T16/evidence/T16__tools-sessions__KEBAB__row-actions__1440x900__sha-94264784f925.png,FAIL,PASS_2_VISUAL_DOM_PARITY_CONFIRMED
T16-KEBAB-K19,T16,Consulting Tools,Sessions or Processes,KEBAB,K19,P1,All three items are 28px,Items h=36px,Use h-9 items,tables/T16/evidence/T16__tools-sessions__KEBAB__row-actions__1440x900__sha-94264784f925.png,FAIL,PASS_2_VISUAL_DOM_PARITY_CONFIRMED
T16-MENU_1_2_3-M14,T16,Consulting Tools,Sessions or Processes,MENU_1_2_3,M14,P0,Selected checkbox produces no contextual bulk bar,Selection activates Menu 3,Implement Menu 3,tables/T16/evidence/T16__tools-sessions__MENU_1_2_3__bulk-1-selected__1440x900__sha-94264784f925.png,FAIL,PASS_2_VISUAL_DOM_PARITY_CONFIRMED
T16-MENU_1_2_3-M26,T16,Consulting Tools,Sessions or Processes,MENU_1_2_3,M26,P0,Table extends 25px beyond viewport with no reachable page overflow,No clipping at 1280x720,Fix responsive layout,tables/T16/evidence/T16__tools-sessions__MENU_1_2_3__base__1280x720__sha-94264784f925.png,FAIL,PASS_2_VISUAL_DOM_PARITY_CONFIRMED
T16-PPM-C12,T16,Consulting Tools,Sessions or Processes,PPM,C12,P1,PPM inherits 160px/28px geometry,Canonical shared graphics,Fix shared component,tables/T16/evidence/T16__tools-sessions__PPM__row-context__1440x900__sha-94264784f925.png,FAIL,PASS_2_VISUAL_DOM_PARITY_CONFIRMED
T16-PREVIEW-P25,T16,Consulting Tools,Sessions or Processes,PREVIEW,P25,P1,Details contains about 10 words of placeholder guidance,Details prose 80–140 words,Generate the actual session brief,tables/T16/evidence/T16__tools-sessions__PREVIEW__row-open__1440x900__sha-94264784f925.png,FAIL,PASS_2_VISUAL_DOM_PARITY_CONFIRMED
T16-PREVIEW-P29,T16,Consulting Tools,Sessions or Processes,PREVIEW,P29,P1,Preview says No relations without the standard region,Canonical Relations block,Render the 64px Relations block including an empty state,tables/T16/evidence/T16__tools-sessions__PREVIEW__row-open__1440x900__sha-94264784f925.png,FAIL,PASS_2_VISUAL_DOM_PARITY_CONFIRMED
T16-TABLE-T01,T16,Consulting Tools,Sessions or Processes,TABLE,T01,P0,At 1280 the table right edge is x=1305 while document scrollWidth remains 1280,Fit or reachable overflow,Fit columns or expose horizontal overflow,tables/T16/evidence/T16__tools-sessions__TABLE__default__1440x900__sha-94264784f925.png,FAIL,PASS_2_VISUAL_DOM_PARITY_CONFIRMED
T16-TABLE-T08,T16,Consulting Tools,Sessions or Processes,TABLE,T08,P1,Header is 48px and rows 48.5–49px,Canonical 56px rows,Use standard row rhythm,tables/T16/evidence/T16__tools-sessions__TABLE__default__1440x900__sha-94264784f925.png,FAIL,PASS_2_VISUAL_DOM_PARITY_CONFIRMED
T17-KEBAB-K18,T17,Consulting Tools,Outputs,KEBAB,K18,P1,160px,Width 220–320px,Use canonical width,tables/T17/evidence/T17__tools-outputs__KEBAB__row-actions__1440x900__sha-94264784f925.png,FAIL,PASS_2_VISUAL_DOM_PARITY_CONFIRMED
T17-KEBAB-K19,T17,Consulting Tools,Outputs,KEBAB,K19,P1,All three items are 28px,Items h=36px,Use h-9 items,tables/T17/evidence/T17__tools-outputs__KEBAB__row-actions__1440x900__sha-94264784f925.png,FAIL,PASS_2_VISUAL_DOM_PARITY_CONFIRMED
T17-MENU_1_2_3-M14,T17,Consulting Tools,Outputs,MENU_1_2_3,M14,P0,Selected checkbox produces no contextual bulk bar,Selection activates Menu 3,Implement Menu 3,tables/T17/evidence/T17__tools-outputs__MENU_1_2_3__bulk-1-selected__1440x900__sha-94264784f925.png,FAIL,PASS_2_VISUAL_DOM_PARITY_CONFIRMED
T17-PPM-C12,T17,Consulting Tools,Outputs,PPM,C12,P1,PPM inherits 160px/28px geometry,Canonical shared graphics,Fix shared component,tables/T17/evidence/T17__tools-outputs__PPM__row-context__1440x900__sha-94264784f925.png,FAIL,PASS_2_VISUAL_DOM_PARITY_CONFIRMED
T17-PREVIEW-P25,T17,Consulting Tools,Outputs,PREVIEW,P25,P0,No Details section or descriptive content is rendered,Canonical Details block,Add an 80–140 word output summary,tables/T17/evidence/T17__tools-outputs__PREVIEW__row-open__1440x900__sha-94264784f925.png,FAIL,PASS_2_VISUAL_DOM_PARITY_CONFIRMED
T17-PREVIEW-P29,T17,Consulting Tools,Outputs,PREVIEW,P29,P1,No relations appears without the standard region,Canonical Relations block,Render canonical Relations empty state,tables/T17/evidence/T17__tools-outputs__PREVIEW__row-open__1440x900__sha-94264784f925.png,FAIL,PASS_2_VISUAL_DOM_PARITY_CONFIRMED
T17-TABLE-T08,T17,Consulting Tools,Outputs,TABLE,T08,P1,Header 48px and rows 48.5–49px,Canonical 56px rows,Use standard row rhythm,tables/T17/evidence/T17__tools-outputs__TABLE__default__1440x900__sha-94264784f925.png,FAIL,PASS_2_VISUAL_DOM_PARITY_CONFIRMED
T18-KEBAB-K18,T18,Consulting Tools,Reports,KEBAB,K18,P1,160px,Width 220–320px,Use canonical width,tables/T18/evidence/T18__tools-reports__KEBAB__row-actions__1440x900__sha-94264784f925.png,FAIL,PASS_2_VISUAL_DOM_PARITY_CONFIRMED
T18-KEBAB-K19,T18,Consulting Tools,Reports,KEBAB,K19,P1,28px,Items h=36px,Use h-9 items,tables/T18/evidence/T18__tools-reports__KEBAB__row-actions__1440x900__sha-94264784f925.png,FAIL,PASS_2_VISUAL_DOM_PARITY_CONFIRMED
T18-MENU_1_2_3-M14,T18,Consulting Tools,Reports,MENU_1_2_3,M14,P0,No contextual bar appears,Selection activates Menu 3,Implement Menu 3,tables/T18/evidence/T18__tools-reports__MENU_1_2_3__bulk-1-selected__1440x900__sha-94264784f925.png,FAIL,PASS_2_VISUAL_DOM_PARITY_CONFIRMED
T18-PPM-C12,T18,Consulting Tools,Reports,PPM,C12,P1,160px/28px,Canonical shared graphics,Fix shared component,tables/T18/evidence/T18__tools-reports__PPM__row-context__1440x900__sha-94264784f925.png,FAIL,PASS_2_VISUAL_DOM_PARITY_CONFIRMED
T18-PREVIEW-P25,T18,Consulting Tools,Reports,PREVIEW,P25,P0,No Details or summary exists,Canonical Details block,Add 80–140 word report summary,tables/T18/evidence/T18__tools-reports__PREVIEW__row-open__1440x900__sha-94264784f925.png,FAIL,PASS_2_VISUAL_DOM_PARITY_CONFIRMED
T18-PREVIEW-P29,T18,Consulting Tools,Reports,PREVIEW,P29,P1,Loose No relations text,Canonical Relations block,Render canonical empty state,tables/T18/evidence/T18__tools-reports__PREVIEW__row-open__1440x900__sha-94264784f925.png,FAIL,PASS_2_VISUAL_DOM_PARITY_CONFIRMED
T18-TABLE-T08,T18,Consulting Tools,Reports,TABLE,T08,P1,48–49px,Canonical 56px rows,Normalize row rhythm,tables/T18/evidence/T18__tools-reports__TABLE__default__1440x900__sha-94264784f925.png,FAIL,PASS_2_VISUAL_DOM_PARITY_CONFIRMED
T19-KEBAB-K18,T19,Consulting Tools,Initiatives,KEBAB,K18,P1,160px,Width 220–320px,Use canonical width,tables/T19/evidence/T19__tools-initiatives__KEBAB__row-actions__1440x900__sha-94264784f925.png,FAIL,PASS_2_VISUAL_DOM_PARITY_CONFIRMED
T19-KEBAB-K19,T19,Consulting Tools,Initiatives,KEBAB,K19,P1,28px,Items h=36px,Use h-9 items,tables/T19/evidence/T19__tools-initiatives__KEBAB__row-actions__1440x900__sha-94264784f925.png,FAIL,PASS_2_VISUAL_DOM_PARITY_CONFIRMED
T19-MENU_1_2_3-M14,T19,Consulting Tools,Initiatives,MENU_1_2_3,M14,P0,No contextual bar appears,Selection activates Menu 3,Implement Menu 3,tables/T19/evidence/T19__tools-initiatives__MENU_1_2_3__bulk-1-selected__1440x900__sha-94264784f925.png,FAIL,PASS_2_VISUAL_DOM_PARITY_CONFIRMED
T19-PPM-C12,T19,Consulting Tools,Initiatives,PPM,C12,P1,160px/28px,Canonical shared graphics,Fix shared component,tables/T19/evidence/T19__tools-initiatives__PPM__row-context__1440x900__sha-94264784f925.png,FAIL,PASS_2_VISUAL_DOM_PARITY_CONFIRMED
T19-PREVIEW-P25,T19,Consulting Tools,Initiatives,PREVIEW,P25,P1,About 31 words,Details 80–140 words,Expand useful context,tables/T19/evidence/T19__tools-initiatives__PREVIEW__row-open__1440x900__sha-94264784f925.png,FAIL,PASS_2_VISUAL_DOM_PARITY_CONFIRMED
T19-PREVIEW-P29,T19,Consulting Tools,Initiatives,PREVIEW,P29,P1,Source and Tasks are loose chips,Canonical Relations block,Use standard 64px Relations region,tables/T19/evidence/T19__tools-initiatives__PREVIEW__row-open__1440x900__sha-94264784f925.png,FAIL,PASS_2_VISUAL_DOM_PARITY_CONFIRMED
T19-TABLE-T08,T19,Consulting Tools,Initiatives,TABLE,T08,P1,48–49px,Canonical 56px rows,Normalize row rhythm,tables/T19/evidence/T19__tools-initiatives__TABLE__default__1440x900__sha-94264784f925.png,FAIL,PASS_2_VISUAL_DOM_PARITY_CONFIRMED
T20-KEBAB-K10,T20,Assessment,Library,KEBAB,K10,P1,Only Start duplicates the visible row button; Preview is missing,Necessary contextual actions,Remove duplication and expose Preview if appropriate,tables/T20/evidence/T20__assessment-library__KEBAB__row-actions__1440x900__sha-94264784f925.png,FAIL,PASS_2_VISUAL_DOM_PARITY_CONFIRMED
T20-KEBAB-K18,T20,Assessment,Library,KEBAB,K18,P1,160px,Width 220–320px,Use canonical width,tables/T20/evidence/T20__assessment-library__KEBAB__row-actions__1440x900__sha-94264784f925.png,FAIL,PASS_2_VISUAL_DOM_PARITY_CONFIRMED
T20-KEBAB-K19,T20,Assessment,Library,KEBAB,K19,P1,Start is 28px,Items h=36px,Use h-9 item,tables/T20/evidence/T20__assessment-library__KEBAB__row-actions__1440x900__sha-94264784f925.png,FAIL,PASS_2_VISUAL_DOM_PARITY_CONFIRMED
T20-MENU_1_2_3-M14,T20,Assessment,Library,MENU_1_2_3,M14,P0,No selection controls exist; Menu 3 cannot be invoked,Selection activates Menu 3,Add standard selection and contextual Menu 3,tables/T20/evidence/T20__assessment-library__MENU_1_2_3__base__1440x900__sha-94264784f925.png,FAIL,PASS_2_VISUAL_DOM_PARITY_CONFIRMED
T20-PPM-C12,T20,Assessment,Library,PPM,C12,P1,160px/28px,Canonical shared graphics,Fix shared component,tables/T20/evidence/T20__assessment-library__PPM__row-context__1440x900__sha-94264784f925.png,FAIL,PASS_2_VISUAL_DOM_PARITY_CONFIRMED
T20-PREVIEW-P01,T20,Assessment,Library,PREVIEW,P01,P0,Row click does nothing and kebab exposes no Preview action,Single click opens preview,Implement canonical preview,tables/T20/evidence/T20__assessment-library__PREVIEW__row-open__1440x900__sha-94264784f925.png,FAIL,PASS_2_VISUAL_DOM_PARITY_CONFIRMED
T20-PREVIEW-P25,T20,Assessment,Library,PREVIEW,P25,P0,Preview is unavailable,Canonical Details block,Implement 80–140 word Details,tables/T20/evidence/T20__assessment-library__PREVIEW__row-open__1440x900__sha-94264784f925.png,FAIL,PASS_2_VISUAL_DOM_PARITY_CONFIRMED
T20-PREVIEW-P29,T20,Assessment,Library,PREVIEW,P29,P0,Preview is unavailable,Canonical Relations block,Implement Relations,tables/T20/evidence/T20__assessment-library__PREVIEW__row-open__1440x900__sha-94264784f925.png,FAIL,PASS_2_VISUAL_DOM_PARITY_CONFIRMED
T20-TABLE-T08,T20,Assessment,Library,TABLE,T08,P1,Header 56px but body rows are 60.5–61px,Canonical 56px rows,Normalize body row height,tables/T20/evidence/T20__assessment-library__TABLE__default__1440x900__sha-94264784f925.png,FAIL,PASS_2_VISUAL_DOM_PARITY_CONFIRMED
T20-TABLE-T12,T20,Assessment,Library,TABLE,T12,P1,Start is duplicated in both Actions and Row actions while table lacks selection,Useful non-duplicative columns,Remove duplicate action and add standard selection column,tables/T20/evidence/T20__assessment-library__TABLE__default__1440x900__sha-94264784f925.png,FAIL,PASS_2_VISUAL_DOM_PARITY_CONFIRMED
T21-KEBAB-K18,T21,Assessment,Processes,KEBAB,K18,P1,160px,Width 220–320px,Use canonical width,tables/T21/evidence/T21__assessment-processes__KEBAB__row-actions__1440x900__sha-94264784f925.png,FAIL,PASS_2_VISUAL_DOM_PARITY_CONFIRMED
T21-KEBAB-K19,T21,Assessment,Processes,KEBAB,K19,P1,Five items are 28px,Items h=36px,Use h-9 items,tables/T21/evidence/T21__assessment-processes__KEBAB__row-actions__1440x900__sha-94264784f925.png,FAIL,PASS_2_VISUAL_DOM_PARITY_CONFIRMED
T21-MENU_1_2_3-M16,T21,Assessment,Processes,MENU_1_2_3,M16,P1,Clear is rendered as text without the required X icon,Clear includes X,Add X to Clear while retaining the minimal action set,tables/T21/evidence/T21__assessment-processes__MENU_1_2_3__bulk-1-selected__1440x900__sha-94264784f925.png,FAIL,PASS_2_VISUAL_DOM_PARITY_CONFIRMED
T21-PPM-C12,T21,Assessment,Processes,PPM,C12,P1,PPM inherits 160px/28px geometry,Canonical shared graphics,Fix shared component,tables/T21/evidence/T21__assessment-processes__PPM__row-context__1440x900__sha-94264784f925.png,FAIL,PASS_2_VISUAL_DOM_PARITY_CONFIRMED
T21-PREVIEW-P25,T21,Assessment,Processes,PREVIEW,P25,P0,Details is a nested Property/Value table with only Type and Progress,Details is 80–140 word prose,Replace nested table with canonical descriptive block,tables/T21/evidence/T21__assessment-processes__PREVIEW__row-open__1440x900__sha-94264784f925.png,FAIL,PASS_2_VISUAL_DOM_PARITY_CONFIRMED
T21-PREVIEW-P29,T21,Assessment,Processes,PREVIEW,P29,P1,Loose No relations text,Canonical Relations block,Render canonical 64px empty state,tables/T21/evidence/T21__assessment-processes__PREVIEW__row-open__1440x900__sha-94264784f925.png,FAIL,PASS_2_VISUAL_DOM_PARITY_CONFIRMED
T22-KEBAB-K01,T22,Assessment,Outputs,KEBAB,K01,P0,No rows or kebab exist,Every row exposes kebab actions,Implement contextual kebab on output rows,tables/T22/evidence/T22__assessment-outputs__KEBAB__unavailable-no-row__1440x900__sha-94264784f925.png,FAIL,PASS_2_VISUAL_DOM_PARITY_CONFIRMED
T22-MENU_1_2_3-M14,T22,Assessment,Outputs,MENU_1_2_3,M14,P0,No table selection or Menu 3 exists,Selection activates Menu 3,Implement selection and contextual bulk menu,tables/T22/evidence/T22__assessment-outputs__MENU_1_2_3__base-no-selection__1440x900__sha-94264784f925.png,FAIL,PASS_2_VISUAL_DOM_PARITY_CONFIRMED
T22-PPM-C01,T22,Assessment,Outputs,PPM,C01,P0,No rows or PPM exist,Row right-click opens context menu,Implement PPM with kebab parity,tables/T22/evidence/T22__assessment-outputs__PPM__unavailable-no-row__1440x900__sha-94264784f925.png,FAIL,PASS_2_VISUAL_DOM_PARITY_CONFIRMED
T22-PREVIEW-P01,T22,Assessment,Outputs,PREVIEW,P01,P0,No rows or preview surface exist,A row opens preview,Implement preview together with the table,tables/T22/evidence/T22__assessment-outputs__PREVIEW__unavailable-no-table__1440x900__sha-94264784f925.png,FAIL,PASS_2_VISUAL_DOM_PARITY_CONFIRMED
T22-TABLE-T00,T22,Assessment,Outputs,TABLE,T00,P0,No table exists; page only instructs user to select an assessment on Processes,Outputs is a populated list table,Build the reported Outputs table using the canonical table standard,tables/T22/evidence/T22__assessment-outputs__TABLE__default__1440x900__sha-94264784f925.png,FAIL,PASS_2_VISUAL_DOM_PARITY_CONFIRMED
T23-KEBAB-K18,T23,Assessment,Reports,KEBAB,K18,P1,160px,Width 220–320px,Use canonical width,tables/T23/evidence/T23__assessment-reports__KEBAB__row-actions__1440x900__sha-94264784f925.png,FAIL,PASS_2_VISUAL_DOM_PARITY_CONFIRMED
T23-KEBAB-K19,T23,Assessment,Reports,KEBAB,K19,P1,Five items are 28px,Items h=36px,Use h-9 items,tables/T23/evidence/T23__assessment-reports__KEBAB__row-actions__1440x900__sha-94264784f925.png,FAIL,PASS_2_VISUAL_DOM_PARITY_CONFIRMED
T23-MENU_1_2_3-M01,T23,Assessment,Reports,MENU_1_2_3,M01,P0,Breadcrumb says Tools / Licensed,Module identity matches Assessment / Reports,Correct module and breadcrumb identity,tables/T23/evidence/T23__assessment-reports__TABLE__default__1440x900__sha-94264784f925.png,FAIL,PASS_2_VISUAL_DOM_PARITY_CONFIRMED
T23-MENU_1_2_3-M14,T23,Assessment,Reports,MENU_1_2_3,M14,P0,No selection control or Menu 3 exists,Selection activates Menu 3,Add selection and contextual menu,tables/T23/evidence/T23__assessment-reports__MENU_1_2_3__base-no-selection__1440x900__sha-94264784f925.png,FAIL,PASS_2_VISUAL_DOM_PARITY_CONFIRMED
T23-PPM-C12,T23,Assessment,Reports,PPM,C12,P1,160px/28px,Canonical shared graphics,Fix shared component,tables/T23/evidence/T23__assessment-reports__PPM__row-context__1440x900__sha-94264784f925.png,FAIL,PASS_2_VISUAL_DOM_PARITY_CONFIRMED
T23-PREVIEW-P25,T23,Assessment,Reports,PREVIEW,P25,P0,Details is a Property/Value table and finalized-state sentence,Details is 80–140 word prose,Replace with canonical useful summary,tables/T23/evidence/T23__assessment-reports__PREVIEW__row-open__1440x900__sha-94264784f925.png,FAIL,PASS_2_VISUAL_DOM_PARITY_CONFIRMED
T23-PREVIEW-P29,T23,Assessment,Reports,PREVIEW,P29,P1,Source Assessment is loose metadata and No relations is loose text,Canonical Relations block,Use canonical 64px Relations region,tables/T23/evidence/T23__assessment-reports__PREVIEW__row-open__1440x900__sha-94264784f925.png,FAIL,PASS_2_VISUAL_DOM_PARITY_CONFIRMED
T23-TABLE-T08,T23,Assessment,Reports,TABLE,T08,P1,Header is 56px but the row is 64px,Canonical 56px rows,Use canonical body-row height,tables/T23/evidence/T23__assessment-reports__TABLE__default__1440x900__sha-94264784f925.png,FAIL,PASS_2_VISUAL_DOM_PARITY_CONFIRMED
T23-TABLE-T12,T23,Assessment,Reports,TABLE,T12,P1,Useful columns exist but the selection column is absent,Canonical selection and useful columns,Add standard selection column,tables/T23/evidence/T23__assessment-reports__TABLE__default__1440x900__sha-94264784f925.png,FAIL,PASS_2_VISUAL_DOM_PARITY_CONFIRMED
T24-KEBAB-K18,T24,Assessment,Initiatives,KEBAB,K18,P1,160px,Width 220–320px,Use canonical width,tables/T24/evidence/T24__assessment-initiatives__KEBAB__row-actions__1440x900__sha-94264784f925.png,FAIL,PASS_2_VISUAL_DOM_PARITY_CONFIRMED
T24-KEBAB-K19,T24,Assessment,Initiatives,KEBAB,K19,P1,Five items are 28px,Items h=36px,Use h-9 items,tables/T24/evidence/T24__assessment-initiatives__KEBAB__row-actions__1440x900__sha-94264784f925.png,FAIL,PASS_2_VISUAL_DOM_PARITY_CONFIRMED
T24-MENU_1_2_3-M01,T24,Assessment,Initiatives,MENU_1_2_3,M01,P0,Breadcrumb says Tools / Licensed,Module identity matches Assessment / Initiatives,Correct navigation identity,tables/T24/evidence/T24__assessment-initiatives__TABLE__default__1440x900__sha-94264784f925.png,FAIL,PASS_2_VISUAL_DOM_PARITY_CONFIRMED
T24-MENU_1_2_3-M14,T24,Assessment,Initiatives,MENU_1_2_3,M14,P0,No selection or Menu 3 exists,Selection activates Menu 3,Add standard selection and contextual menu,tables/T24/evidence/T24__assessment-initiatives__MENU_1_2_3__base-no-selection__1440x900__sha-94264784f925.png,FAIL,PASS_2_VISUAL_DOM_PARITY_CONFIRMED
T24-MENU_1_2_3-M26,T24,Assessment,Initiatives,MENU_1_2_3,M26,P0,Table is clipped by 17px,No clipping at 1280,Fix responsive width,tables/T24/evidence/T24__assessment-initiatives__MENU_1_2_3__base__1280x720__sha-94264784f925.png,FAIL,PASS_2_VISUAL_DOM_PARITY_CONFIRMED
T24-PPM-C12,T24,Assessment,Initiatives,PPM,C12,P1,160px/28px,Canonical shared graphics,Fix shared component,tables/T24/evidence/T24__assessment-initiatives__PPM__row-context__1440x900__sha-94264784f925.png,FAIL,PASS_2_VISUAL_DOM_PARITY_CONFIRMED
T24-PREVIEW-P25,T24,Assessment,Initiatives,PREVIEW,P25,P0,Details is a two-row Property/Value table,Details is 80–140 word prose,Replace with canonical descriptive block,tables/T24/evidence/T24__assessment-initiatives__PREVIEW__row-open__1440x900__sha-94264784f925.png,FAIL,PASS_2_VISUAL_DOM_PARITY_CONFIRMED
T24-PREVIEW-P29,T24,Assessment,Initiatives,PREVIEW,P29,P1,Loose No relations text,Canonical Relations block,Render canonical empty state,tables/T24/evidence/T24__assessment-initiatives__PREVIEW__row-open__1440x900__sha-94264784f925.png,FAIL,PASS_2_VISUAL_DOM_PARITY_CONFIRMED
T24-TABLE-T01,T24,Assessment,Initiatives,TABLE,T01,P0,Table right edge is x=1297 at 1280 while document scrollWidth remains 1280,Fit or usable overflow,Fit columns or expose reachable horizontal overflow,tables/T24/evidence/T24__assessment-initiatives__MENU_1_2_3__base__1280x720__sha-94264784f925.png,FAIL,PASS_2_VISUAL_DOM_PARITY_CONFIRMED
T24-TABLE-T12,T24,Assessment,Initiatives,TABLE,T12,P1,Useful columns exist but selection is absent,Canonical selection and useful columns,Add standard selection column,tables/T24/evidence/T24__assessment-initiatives__TABLE__default__1440x900__sha-94264784f925.png,FAIL,PASS_2_VISUAL_DOM_PARITY_CONFIRMED
T25-KEBAB-K18,T25,Initiatives,Portfolio,KEBAB,K18,P1,160px,Width 220–320px,Use canonical width,tables/T25/evidence/T25__initiatives-portfolio__KEBAB__row-actions__1440x900__sha-94264784f925.png,FAIL,PASS_2_VISUAL_DOM_PARITY_CONFIRMED
T25-KEBAB-K19,T25,Initiatives,Portfolio,KEBAB,K19,P1,Four items are 28px and Archive is 46px,Items h=36px,Use consistent h-9 items,tables/T25/evidence/T25__initiatives-portfolio__KEBAB__row-actions__1440x900__sha-94264784f925.png,FAIL,PASS_2_VISUAL_DOM_PARITY_CONFIRMED
T25-KEBAB-K20,T25,Initiatives,Portfolio,KEBAB,K20,P1,Archive adds Finish or cancel it first,Disabled actions remain visible and lighter without commentary,Remove explanatory subline and retain muted disabled state,tables/T25/evidence/T25__initiatives-portfolio__KEBAB__row-actions__1440x900__sha-94264784f925.png,FAIL,PASS_2_VISUAL_DOM_PARITY_CONFIRMED
T25-PPM-C12,T25,Initiatives,Portfolio,PPM,C12,P1,PPM inherits 160px and 28/46px items,Canonical shared graphics,Fix shared component,tables/T25/evidence/T25__initiatives-portfolio__PPM__row-context__1440x900__sha-94264784f925.png,FAIL,PASS_2_VISUAL_DOM_PARITY_CONFIRMED
T25-PREVIEW-P25,T25,Initiatives,Portfolio,PREVIEW,P25,P1,About 14 words,Details 80–140 words,Expand useful initiative context,tables/T25/evidence/T25__initiatives-portfolio__PREVIEW__row-open__1440x900__sha-94264784f925.png,FAIL,PASS_2_VISUAL_DOM_PARITY_CONFIRMED
T25-PREVIEW-P29,T25,Initiatives,Portfolio,PREVIEW,P29,P1,Interview Insight is a loose button without standard region,Canonical Relations block,Use canonical 64px Relations block,tables/T25/evidence/T25__initiatives-portfolio__PREVIEW__row-open__1440x900__sha-94264784f925.png,FAIL,PASS_2_VISUAL_DOM_PARITY_CONFIRMED
T26-KEBAB-K01,T26,Initiatives,Analysis,KEBAB,K01,P0,No row-action trigger exists,Each row exposes kebab,Implement kebab,tables/T26/evidence/T26__initiatives-analysis__KEBAB__unavailable-no-row-actions__1440x900__sha-94264784f925.png,FAIL,PASS_2_VISUAL_DOM_PARITY_CONFIRMED
T26-MENU_1_2_3-M14,T26,Initiatives,Analysis,MENU_1_2_3,M14,P0,No selection controls or Menu 3 exist,Selection activates Menu 3,Add selection and contextual bulk bar,tables/T26/evidence/T26__initiatives-analysis__MENU_1_2_3__base-no-selection__1440x900__sha-94264784f925.png,FAIL,PASS_2_VISUAL_DOM_PARITY_CONFIRMED
T26-PPM-C01,T26,Initiatives,Analysis,PPM,C01,P0,Right-click produces no menu,Right-click opens context menu,Implement PPM with kebab parity,tables/T26/evidence/T26__initiatives-analysis__PPM__unavailable-row-context__1440x900__sha-94264784f925.png,FAIL,PASS_2_VISUAL_DOM_PARITY_CONFIRMED
T26-PREVIEW-P01,T26,Initiatives,Analysis,PREVIEW,P01,P0,Clicking the person row does nothing,Single click opens row preview,Implement canonical preview,tables/T26/evidence/T26__initiatives-analysis__PREVIEW__unavailable-row-click__1440x900__sha-94264784f925.png,FAIL,PASS_2_VISUAL_DOM_PARITY_CONFIRMED
T26-TABLE-T03,T26,Initiatives,Analysis,TABLE,T03,P0,Four KPI cards and a separate Team workload section precede the table,A reported table-list surface contains the table and its controls only,Remove non-table analytical cards from this list surface or reclassify the screen,tables/T26/evidence/T26__initiatives-analysis__TABLE__default__1440x900__sha-94264784f925.png,FAIL,PASS_2_VISUAL_DOM_PARITY_CONFIRMED
T26-TABLE-T08,T26,Initiatives,Analysis,TABLE,T08,P1,Header is about 40.5px and body row is 57px,Canonical 56px rows,Normalize header and body rhythm,tables/T26/evidence/T26__initiatives-analysis__TABLE__default__1440x900__sha-94264784f925.png,FAIL,PASS_2_VISUAL_DOM_PARITY_CONFIRMED
T26-TABLE-T12,T26,Initiatives,Analysis,TABLE,T12,P0,Table has neither selection nor row actions,Canonical list structure with selection and row actions,Add standard list interaction columns,tables/T26/evidence/T26__initiatives-analysis__TABLE__default__1440x900__sha-94264784f925.png,FAIL,PASS_2_VISUAL_DOM_PARITY_CONFIRMED
T27-KEBAB-K01,T27,Initiatives,Observability,KEBAB,K01,P0,No row or kebab exists,Rows expose kebab,Implement contextual kebab,tables/T27/evidence/T27__initiatives-observability__KEBAB__unavailable-no-row__1440x900__sha-94264784f925.png,FAIL,PASS_2_VISUAL_DOM_PARITY_CONFIRMED
T27-MENU_1_2_3-M14,T27,Initiatives,Observability,MENU_1_2_3,M14,P0,No table selection or Menu 3 exists,Selection activates Menu 3,Add selection and contextual menu,tables/T27/evidence/T27__initiatives-observability__MENU_1_2_3__base-no-selection__1440x900__sha-94264784f925.png,FAIL,PASS_2_VISUAL_DOM_PARITY_CONFIRMED
T27-PPM-C01,T27,Initiatives,Observability,PPM,C01,P0,No row or context menu exists,Rows expose PPM,Implement PPM parity,tables/T27/evidence/T27__initiatives-observability__PPM__unavailable-no-row__1440x900__sha-94264784f925.png,FAIL,PASS_2_VISUAL_DOM_PARITY_CONFIRMED
T27-PREVIEW-P01,T27,Initiatives,Observability,PREVIEW,P01,P0,No rows or preview exist,Row opens preview,Implement preview with the table,tables/T27/evidence/T27__initiatives-observability__PREVIEW__unavailable-no-table__1440x900__sha-94264784f925.png,FAIL,PASS_2_VISUAL_DOM_PARITY_CONFIRMED
T27-TABLE-T00,T27,Initiatives,Observability,TABLE,T00,P0,"No table exists; funnel KPIs, status/source summaries, cycle-time cards and lineage selector replace it",Observability is a canonical list table,Build the reported Observability table and relocate analytical widgets,tables/T27/evidence/T27__initiatives-observability__TABLE__dashboard-instead-of-table__1440x900__sha-94264784f925.png,FAIL,PASS_2_VISUAL_DOM_PARITY_CONFIRMED
T28-KEBAB-K01,T28,Initiatives,Candidates,KEBAB,K01,P0,No rows or kebab,Rows expose kebab,Implement kebab,tables/T28/evidence/T28__initiatives-candidates__KEBAB__unavailable-no-row__1440x900__sha-94264784f925.png,FAIL,PASS_2_VISUAL_DOM_PARITY_CONFIRMED
T28-MENU_1_2_3-M14,T28,Initiatives,Candidates,MENU_1_2_3,M14,P0,No table selection or Menu 3,Selection activates Menu 3,Add canonical selection and bulk bar,tables/T28/evidence/T28__initiatives-candidates__MENU_1_2_3__base-no-selection__1440x900__sha-94264784f925.png,FAIL,PASS_2_VISUAL_DOM_PARITY_CONFIRMED
T28-PPM-C01,T28,Initiatives,Candidates,PPM,C01,P0,No rows or PPM,Rows expose PPM,Implement PPM parity,tables/T28/evidence/T28__initiatives-candidates__PPM__unavailable-no-row__1440x900__sha-94264784f925.png,FAIL,PASS_2_VISUAL_DOM_PARITY_CONFIRMED
T28-PREVIEW-P01,T28,Initiatives,Candidates,PREVIEW,P01,P0,No table or preview exists,Row preview exists,Implement preview for candidate rows,tables/T28/evidence/T28__initiatives-candidates__PREVIEW__unavailable-no-table__1440x900__sha-94264784f925.png,FAIL,PASS_2_VISUAL_DOM_PARITY_CONFIRMED
T28-TABLE-T00,T28,Initiatives,Candidates,TABLE,T00,P0,A bespoke AI candidates card and Scan discovery empty state replace the table,Candidates is a canonical table even when empty,Render canonical empty table with headers and controls,tables/T28/evidence/T28__initiatives-candidates__TABLE__empty-card-instead-of-table__1440x900__sha-94264784f925.png,FAIL,PASS_2_VISUAL_DOM_PARITY_CONFIRMED
T29-KEBAB-K01,T29,Initiatives,Portfolio health,KEBAB,K01,P0,No rows or kebab,Rows expose kebab,Implement kebab,tables/T29/evidence/T29__initiatives-portfolio-health__KEBAB__unavailable-no-row__1440x900__sha-94264784f925.png,FAIL,PASS_2_VISUAL_DOM_PARITY_CONFIRMED
T29-MENU_1_2_3-M14,T29,Initiatives,Portfolio health,MENU_1_2_3,M14,P0,No table selection or Menu 3,Selection activates Menu 3,Add selection and contextual menu,tables/T29/evidence/T29__initiatives-portfolio-health__MENU_1_2_3__base-no-selection__1440x900__sha-94264784f925.png,FAIL,PASS_2_VISUAL_DOM_PARITY_CONFIRMED
T29-PPM-C01,T29,Initiatives,Portfolio health,PPM,C01,P0,No rows or PPM,Rows expose PPM,Implement PPM parity,tables/T29/evidence/T29__initiatives-portfolio-health__PPM__unavailable-no-row__1440x900__sha-94264784f925.png,FAIL,PASS_2_VISUAL_DOM_PARITY_CONFIRMED
T29-PREVIEW-P01,T29,Initiatives,Portfolio health,PREVIEW,P01,P0,No rows or preview exist,Row opens preview,Implement preview with table,tables/T29/evidence/T29__initiatives-portfolio-health__PREVIEW__unavailable-no-table__1440x900__sha-94264784f925.png,FAIL,PASS_2_VISUAL_DOM_PARITY_CONFIRMED
T29-TABLE-T00,T29,Initiatives,Portfolio health,TABLE,T00,P0,"No table exists; KPI cards, coverage maps, matrices, status summaries and duplicate clusters replace it",Portfolio health is a canonical list table,Build the reported table and relocate analytical widgets,tables/T29/evidence/T29__initiatives-portfolio-health__TABLE__dashboard-instead-of-table__1440x900__sha-94264784f925.png,FAIL,PASS_2_VISUAL_DOM_PARITY_CONFIRMED
T30-KEBAB-K01,T30,Initiatives,Goals,KEBAB,K01,P0,No test row or action trigger,Rows expose kebab,Provide row and kebab,tables/T30/evidence/T30__initiatives-goals__KEBAB__unavailable-no-row__1440x900__sha-94264784f925.png,FAIL,PASS_2_VISUAL_DOM_PARITY_CONFIRMED
T30-MENU_1_2_3-M14,T30,Initiatives,Goals,MENU_1_2_3,M14,P0,Selection is absent and Menu 3 cannot be tested,Selection activates Menu 3,Add canonical selection/bulk bar,tables/T30/evidence/T30__initiatives-goals__MENU_1_2_3__base-no-selection__1440x900__sha-94264784f925.png,FAIL,PASS_2_VISUAL_DOM_PARITY_CONFIRMED
T30-PPM-C01,T30,Initiatives,Goals,PPM,C01,P0,No test row or context target,Rows expose PPM,Provide row and PPM parity,tables/T30/evidence/T30__initiatives-goals__PPM__unavailable-no-row__1440x900__sha-94264784f925.png,FAIL,PASS_2_VISUAL_DOM_PARITY_CONFIRMED
T30-PREVIEW-P01,T30,Initiatives,Goals,PREVIEW,P01,P0,No test rows; preview cannot be invoked,Goal row opens preview,Provide test row and canonical preview,tables/T30/evidence/T30__initiatives-goals__PREVIEW__unavailable-no-row__1440x900__sha-94264784f925.png,FAIL,PASS_2_VISUAL_DOM_PARITY_CONFIRMED
T30-TABLE-T03,T30,Initiatives,Goals,TABLE,T03,P0,Three KPI cards sit above the table,Table-list contains table and controls only,Remove/relocate KPI cards from the table list,tables/T30/evidence/T30__initiatives-goals__TABLE__empty-with-kpi-cards__1440x900__sha-94264784f925.png,FAIL,PASS_2_VISUAL_DOM_PARITY_CONFIRMED
T30-TABLE-T08,T30,Initiatives,Goals,TABLE,T08,P1,Header is 40.5px and empty-state row expands to 198px,Canonical 56px header and empty row,Use canonical header and bounded empty-state row,tables/T30/evidence/T30__initiatives-goals__TABLE__empty-with-kpi-cards__1440x900__sha-94264784f925.png,FAIL,PASS_2_VISUAL_DOM_PARITY_CONFIRMED
T30-TABLE-T12,T30,Initiatives,Goals,TABLE,T12,P0,No selection or action columns exist,Canonical selection and action structure remains visible in empty state,Add standard columns and test data,tables/T30/evidence/T30__initiatives-goals__TABLE__empty-with-kpi-cards__1440x900__sha-94264784f925.png,FAIL,PASS_2_VISUAL_DOM_PARITY_CONFIRMED
T31-KEBAB-K01,T31,Execution,Dashboard,KEBAB,K01,P0,No kebab exists,Every canonical row has a kebab,Implement row action menu,tables/T31/evidence/T31__execution-dashboard__KEBAB__unavailable-no-row-action__1440x900__sha-94264784f925.png,FAIL,PASS_2_VISUAL_DOM_PARITY_CONFIRMED
T31-MENU_1_2_3-M14,T31,Execution,Dashboard,MENU_1_2_3,M14,P0,No row selection exists,Selection activates Menu 3,Implement canonical selection menu,tables/T31/evidence/T31__execution-dashboard__MENU_1_2_3__base-no-selection__1440x900__sha-94264784f925.png,FAIL,PASS_2_VISUAL_DOM_PARITY_CONFIRMED
T31-PPM-C01,T31,Execution,Dashboard,PPM,C01,P0,No canonical row context surface exists,Right click opens row context menu,Implement PPM using the same action model,tables/T31/evidence/T31__execution-dashboard__PPM__unavailable-no-row-action__1440x900__sha-94264784f925.png,FAIL,PASS_2_VISUAL_DOM_PARITY_CONFIRMED
T31-PREVIEW-P01,T31,Execution,Dashboard,PREVIEW,P01,P0,No auditable canonical row interaction,Row click opens preview,Implement canonical table rows and preview,tables/T31/evidence/T31__execution-dashboard__PREVIEW__unavailable-no-row-action__1440x900__sha-94264784f925.png,FAIL,PASS_2_VISUAL_DOM_PARITY_CONFIRMED
T31-TABLE-T03,T31,Execution,Dashboard,TABLE,T03,P0,The only table has neither selection nor action column,Rows support selection and row actions,Add canonical selection and row action surfaces,tables/T31/evidence/T31__execution-dashboard__TABLE__mixed-dashboard-table__1440x900__sha-94264784f925.png,FAIL,PASS_2_VISUAL_DOM_PARITY_CONFIRMED
T31-TABLE-T13,T31,Execution,Dashboard,TABLE,T13,P0,"Manager cockpit KPI cards, risk and milestone panels surround a small four-column table",Registered table area contains only a canonical table,Replace the dashboard composition with the registered canonical table,tables/T31/evidence/T31__execution-dashboard__TABLE__mixed-dashboard-table__1440x900__sha-94264784f925.png,FAIL,PASS_2_VISUAL_DOM_PARITY_CONFIRMED
T32-KEBAB-K18,T32,Execution,Summary,KEBAB,K18,P1,Compact legacy menu geometry is used,Menu width 220–320px and items 36px,Use canonical shared menu geometry,tables/T32/evidence/T32__execution-summary__KEBAB__row-actions__1440x900__sha-94264784f925.png,FAIL,PASS_2_VISUAL_DOM_PARITY_CONFIRMED
T32-MENU_1_2_3-M16,T32,Execution,Summary,MENU_1_2_3,M16,P1,Clear is text-only,Clear includes X,Add the X icon,tables/T32/evidence/T32__execution-summary__MENU_1_2_3__bulk-1-selected__1440x900__sha-94264784f925.png,FAIL,PASS_2_VISUAL_DOM_PARITY_CONFIRMED
T32-PPM-C12,T32,Execution,Summary,PPM,C12,P1,PPM inherits compact legacy geometry,Canonical shared graphics,Fix shared component,tables/T32/evidence/T32__execution-summary__PPM__row-context__1440x900__sha-94264784f925.png,FAIL,PASS_2_VISUAL_DOM_PARITY_CONFIRMED
T32-PREVIEW-P25,T32,Execution,Summary,PREVIEW,P25,P1,Details reports about 11 words and No description,Details contains 80–140 useful words,Generate useful contextual description,tables/T32/evidence/T32__execution-summary__PREVIEW__row-open__1440x900__sha-94264784f925.png,FAIL,PASS_2_VISUAL_DOM_PARITY_CONFIRMED
T32-PREVIEW-P29,T32,Execution,Summary,PREVIEW,P29,P1,Loose No relations text,Canonical Relations block,Render canonical relations empty state,tables/T32/evidence/T32__execution-summary__PREVIEW__row-open__1440x900__sha-94264784f925.png,FAIL,PASS_2_VISUAL_DOM_PARITY_CONFIRMED
T32-TABLE-T13,T32,Execution,Summary,TABLE,T13,P0,EVM prediction and what-if simulation panels precede the table,Table-list surface contains only table controls and table,Move analytics tools outside the registered table surface,tables/T32/evidence/T32__execution-summary__TABLE__default__1440x900__sha-94264784f925.png,FAIL,PASS_2_VISUAL_DOM_PARITY_CONFIRMED
T33-KEBAB-K18,T33,Execution,Rollout,KEBAB,K18,P1,Compact legacy geometry,Canonical menu geometry,Use 220–320px width and 36px items,tables/T33/evidence/T33__execution-rollout__KEBAB__row-actions__1440x900__sha-94264784f925.png,FAIL,PASS_2_VISUAL_DOM_PARITY_CONFIRMED
T33-MENU_1_2_3-M16,T33,Execution,Rollout,MENU_1_2_3,M16,P1,Clear is text-only,Clear includes X,Add X,tables/T33/evidence/T33__execution-rollout__MENU_1_2_3__bulk-1-selected__1440x900__sha-94264784f925.png,FAIL,PASS_2_VISUAL_DOM_PARITY_CONFIRMED
T33-PPM-C12,T33,Execution,Rollout,PPM,C12,P1,Compact legacy geometry,Canonical graphics,Fix shared component,tables/T33/evidence/T33__execution-rollout__PPM__row-context__1440x900__sha-94264784f925.png,FAIL,PASS_2_VISUAL_DOM_PARITY_CONFIRMED
T33-PREVIEW-P25,T33,Execution,Rollout,PREVIEW,P25,P1,Same about-11-word Summary preview is reused,Details contains 80–140 useful words,Provide Rollout-specific preview content,tables/T33/evidence/T33__execution-rollout__PREVIEW__row-open__1440x900__sha-94264784f925.png,FAIL,PASS_2_VISUAL_DOM_PARITY_CONFIRMED
T33-PREVIEW-P29,T33,Execution,Rollout,PREVIEW,P29,P1,Loose No relations text,Canonical Relations block,Render canonical relations block,tables/T33/evidence/T33__execution-rollout__PREVIEW__row-open__1440x900__sha-94264784f925.png,FAIL,PASS_2_VISUAL_DOM_PARITY_CONFIRMED
T33-TABLE-T13,T33,Execution,Rollout,TABLE,T13,P0,Rollout resolves to the same EVM and what-if composition as Summary,Rollout table surface contains only table controls and table,Separate Rollout and remove analytics panels from its table view,tables/T33/evidence/T33__execution-rollout__TABLE__default__1440x900__sha-94264784f925.png,FAIL,PASS_2_VISUAL_DOM_PARITY_CONFIRMED
T33-TABLE-T14,T33,Execution,Rollout,TABLE,T14,P0,After clicking Rollout the Summary tab remains selected,Selected navigation identifies Rollout,Correct route-to-tab state mapping,tables/T33/evidence/T33__execution-rollout__TABLE__default__1440x900__sha-94264784f925.png,FAIL,PASS_2_VISUAL_DOM_PARITY_CONFIRMED
T34-KEBAB-K05,T34,Execution,Reporting,KEBAB,K05,P0,Open preview appears twice alongside Open full,Actions are unique and necessary,Remove duplicate and retain minimal actions,tables/T34/evidence/T34__execution-reporting__KEBAB__row-actions__1440x900__sha-94264784f925.png,FAIL,PASS_2_VISUAL_DOM_PARITY_CONFIRMED
T34-KEBAB-K18,T34,Execution,Reporting,KEBAB,K18,P1,Compact legacy menu,Canonical geometry,Use canonical shared geometry,tables/T34/evidence/T34__execution-reporting__KEBAB__row-actions__1440x900__sha-94264784f925.png,FAIL,PASS_2_VISUAL_DOM_PARITY_CONFIRMED
T34-MENU_1_2_3-M16,T34,Execution,Reporting,MENU_1_2_3,M16,P1,Clear is text-only,Clear includes X,Add X,tables/T34/evidence/T34__execution-reporting__MENU_1_2_3__bulk-1-selected__1440x900__sha-94264784f925.png,FAIL,PASS_2_VISUAL_DOM_PARITY_CONFIRMED
T34-PPM-C12,T34,Execution,Reporting,PPM,C12,P1,Compact legacy geometry,Canonical graphics,Fix shared component,tables/T34/evidence/T34__execution-reporting__PPM__row-context__1440x900__sha-94264784f925.png,FAIL,PASS_2_VISUAL_DOM_PARITY_CONFIRMED
T34-PREVIEW-P30,T34,Execution,Reporting,PREVIEW,P30,P1,Report preview expands into a long report canvas with many custom sections and export actions,Preview follows fixed canonical block heights and minimal action set,Map report data into canonical preview blocks and keep contextual primary actions,tables/T34/evidence/T34__execution-reporting__PREVIEW__row-open__1440x900__sha-94264784f925.png,FAIL,PASS_2_VISUAL_DOM_PARITY_CONFIRMED
T35-KEBAB-K01,T35,Execution,Management,KEBAB,K01,P0,No table row,Row kebab exists,Implement row actions,tables/T35/evidence/T35__execution-management__KEBAB__unavailable-no-table-row__1440x900__sha-94264784f925.png,FAIL,PASS_2_VISUAL_DOM_PARITY_CONFIRMED
T35-MENU_1_2_3-M14,T35,Execution,Management,MENU_1_2_3,M14,P0,No row selection,Selection activates Menu 3,Implement canonical selection,tables/T35/evidence/T35__execution-management__MENU_1_2_3__base-no-selection__1440x900__sha-94264784f925.png,FAIL,PASS_2_VISUAL_DOM_PARITY_CONFIRMED
T35-PPM-C01,T35,Execution,Management,PPM,C01,P0,No table row,Row PPM exists,Implement shared context menu,tables/T35/evidence/T35__execution-management__PPM__unavailable-no-table-row__1440x900__sha-94264784f925.png,FAIL,PASS_2_VISUAL_DOM_PARITY_CONFIRMED
T35-PREVIEW-P01,T35,Execution,Management,PREVIEW,P01,P0,No canonical table row,Table row opens preview,Implement after table exists,tables/T35/evidence/T35__execution-management__PREVIEW__unavailable-no-table-row__1440x900__sha-94264784f925.png,FAIL,PASS_2_VISUAL_DOM_PARITY_CONFIRMED
T35-TABLE-T13,T35,Execution,Management,TABLE,T13,P0,Benefit list and six dashboard cards replace the table,Registered area provides canonical table,Build the required canonical management table,tables/T35/evidence/T35__execution-management__TABLE__cards-list-instead-of-table__1440x900__sha-94264784f925.png,FAIL,PASS_2_VISUAL_DOM_PARITY_CONFIRMED
T36-KEBAB-K01,T36,Results,KPI Scorecards,KEBAB,K01,P0,No row action,Row kebab exists,Implement minimal row actions,tables/T36/evidence/T36__results-kpi-scorecards__KEBAB__unavailable-no-row-action__1440x900__sha-94264784f925.png,FAIL,PASS_2_VISUAL_DOM_PARITY_CONFIRMED
T36-MENU_1_2_3-M05,T36,Results,KPI Scorecards,MENU_1_2_3,M05,P1,"KPI, ROI and OKR labels include counters",Menu 2 contains names only,Remove counters from navigation,tables/T36/evidence/T36__results-kpi-scorecards__MENU_1_2_3__base-no-selection__1440x900__sha-94264784f925.png,FAIL,PASS_2_VISUAL_DOM_PARITY_CONFIRMED
T36-MENU_1_2_3-M14,T36,Results,KPI Scorecards,MENU_1_2_3,M14,P0,No selection exists,Selection activates Menu 3,Implement canonical selection menu,tables/T36/evidence/T36__results-kpi-scorecards__MENU_1_2_3__base-no-selection__1440x900__sha-94264784f925.png,FAIL,PASS_2_VISUAL_DOM_PARITY_CONFIRMED
T36-PPM-C01,T36,Results,KPI Scorecards,PPM,C01,P0,No context action,Row PPM exists,Implement shared context menu,tables/T36/evidence/T36__results-kpi-scorecards__PPM__unavailable-no-context-action__1440x900__sha-94264784f925.png,FAIL,PASS_2_VISUAL_DOM_PARITY_CONFIRMED
T36-PREVIEW-P01,T36,Results,KPI Scorecards,PREVIEW,P01,P0,Rows are not interactive,Row opens detailed KPI tool preview,Implement KPI detail entry,tables/T36/evidence/T36__results-kpi-scorecards__PREVIEW__unavailable-no-row-interaction__1440x900__sha-94264784f925.png,FAIL,PASS_2_VISUAL_DOM_PARITY_CONFIRMED
T36-TABLE-T03,T36,Results,KPI Scorecards,TABLE,T03,P0,No checkbox or action column exists,Rows provide selection and actions,Add canonical row interaction surfaces,tables/T36/evidence/T36__results-kpi-scorecards__TABLE__mixed-summary-table__1440x900__sha-94264784f925.png,FAIL,PASS_2_VISUAL_DOM_PARITY_CONFIRMED
T36-TABLE-T13,T36,Results,KPI Scorecards,TABLE,T13,P0,Summary KPI cards precede a read-only table,KPI registry is a canonical list table only,Keep summary cards outside the table registry,tables/T36/evidence/T36__results-kpi-scorecards__TABLE__mixed-summary-table__1440x900__sha-94264784f925.png,FAIL,PASS_2_VISUAL_DOM_PARITY_CONFIRMED
T37-KEBAB-K01,T37,Results,ROI Reviews,KEBAB,K01,P0,No action column,Kebab exists,Implement,tables/T37/evidence/T37__results-roi-reviews__KEBAB__unavailable-no-row-action__1440x900__sha-94264784f925.png,FAIL,PASS_2_VISUAL_DOM_PARITY_CONFIRMED
T37-MENU_1_2_3-M05,T37,Results,ROI Reviews,MENU_1_2_3,M05,P1,"KPI, ROI and OKR carry counters",Navigation names only,Remove counters,tables/T37/evidence/T37__results-roi-reviews__MENU_1_2_3__base-no-selection__1440x900__sha-94264784f925.png,FAIL,PASS_2_VISUAL_DOM_PARITY_CONFIRMED
T37-MENU_1_2_3-M14,T37,Results,ROI Reviews,MENU_1_2_3,M14,P0,No selection,Menu 3 on selection,Implement selection,tables/T37/evidence/T37__results-roi-reviews__MENU_1_2_3__base-no-selection__1440x900__sha-94264784f925.png,FAIL,PASS_2_VISUAL_DOM_PARITY_CONFIRMED
T37-PPM-C01,T37,Results,ROI Reviews,PPM,C01,P0,No row context menu,PPM exists,Implement,tables/T37/evidence/T37__results-roi-reviews__PPM__unavailable-no-context-action__1440x900__sha-94264784f925.png,FAIL,PASS_2_VISUAL_DOM_PARITY_CONFIRMED
T37-PREVIEW-P01,T37,Results,ROI Reviews,PREVIEW,P01,P0,Rows are not interactive,Row opens ROI detail,Implement detail preview,tables/T37/evidence/T37__results-roi-reviews__PREVIEW__unavailable-no-row-interaction__1440x900__sha-94264784f925.png,FAIL,PASS_2_VISUAL_DOM_PARITY_CONFIRMED
T37-TABLE-T03,T37,Results,ROI Reviews,TABLE,T03,P0,No selection or action column,Rows support selection/actions,Add canonical interactions,tables/T37/evidence/T37__results-roi-reviews__TABLE__mixed-summary-table__1440x900__sha-94264784f925.png,FAIL,PASS_2_VISUAL_DOM_PARITY_CONFIRMED
T37-TABLE-T13,T37,Results,ROI Reviews,TABLE,T13,P0,Expected/realized summary cards are mixed into the list surface,ROI registry is a table-only list,Move summaries outside the registry,tables/T37/evidence/T37__results-roi-reviews__TABLE__mixed-summary-table__1440x900__sha-94264784f925.png,FAIL,PASS_2_VISUAL_DOM_PARITY_CONFIRMED
T38-KEBAB-K01,T38,Results,OKR Sets,KEBAB,K01,P0,No action column,Kebab exists,Implement,tables/T38/evidence/T38__results-okr-sets__KEBAB__unavailable-no-row-action__1440x900__sha-94264784f925.png,FAIL,PASS_2_VISUAL_DOM_PARITY_CONFIRMED
T38-MENU_1_2_3-M05,T38,Results,OKR Sets,MENU_1_2_3,M05,P1,"KPI, ROI and OKR carry counters",Navigation names only,Remove counters,tables/T38/evidence/T38__results-okr-sets__MENU_1_2_3__base-no-selection__1440x900__sha-94264784f925.png,FAIL,PASS_2_VISUAL_DOM_PARITY_CONFIRMED
T38-MENU_1_2_3-M14,T38,Results,OKR Sets,MENU_1_2_3,M14,P0,No selection,Menu 3 on selection,Implement selection,tables/T38/evidence/T38__results-okr-sets__MENU_1_2_3__base-no-selection__1440x900__sha-94264784f925.png,FAIL,PASS_2_VISUAL_DOM_PARITY_CONFIRMED
T38-PPM-C01,T38,Results,OKR Sets,PPM,C01,P0,No context action,PPM exists,Implement,tables/T38/evidence/T38__results-okr-sets__PPM__unavailable-no-context-action__1440x900__sha-94264784f925.png,FAIL,PASS_2_VISUAL_DOM_PARITY_CONFIRMED
T38-PREVIEW-P01,T38,Results,OKR Sets,PREVIEW,P01,P0,Rows are not interactive,Row opens OKR details,Implement detail preview,tables/T38/evidence/T38__results-okr-sets__PREVIEW__unavailable-no-row-interaction__1440x900__sha-94264784f925.png,FAIL,PASS_2_VISUAL_DOM_PARITY_CONFIRMED
T38-TABLE-T03,T38,Results,OKR Sets,TABLE,T03,P0,No selection or action column,Rows support selection/actions,Add canonical interactions,tables/T38/evidence/T38__results-okr-sets__TABLE__mixed-summary-table__1440x900__sha-94264784f925.png,FAIL,PASS_2_VISUAL_DOM_PARITY_CONFIRMED
T38-TABLE-T13,T38,Results,OKR Sets,TABLE,T13,P0,Objective and key-result summary cards are mixed into the list,OKR registry is a table-only list,Move summaries outside registry,tables/T38/evidence/T38__results-okr-sets__TABLE__mixed-summary-table__1440x900__sha-94264784f925.png,FAIL,PASS_2_VISUAL_DOM_PARITY_CONFIRMED
T39-KEBAB-K18,T39,Finance,Statements,KEBAB,K18,P1,Compact legacy menu,Canonical width and height,Use shared 220–320px/36px geometry,tables/T39/evidence/T39__finance-statements__KEBAB__row-actions__1440x900__sha-94264784f925.png,FAIL,PASS_2_VISUAL_DOM_PARITY_CONFIRMED
T39-MENU_1_2_3-M16,T39,Finance,Statements,MENU_1_2_3,M16,P1,Clear is text-only,Clear includes X,Add X,tables/T39/evidence/T39__finance-statements__MENU_1_2_3__bulk-1-selected__1440x900__sha-94264784f925.png,FAIL,PASS_2_VISUAL_DOM_PARITY_CONFIRMED
T39-PPM-C12,T39,Finance,Statements,PPM,C12,P1,Compact legacy geometry,Canonical graphics,Fix shared component,tables/T39/evidence/T39__finance-statements__PPM__row-context__1440x900__sha-94264784f925.png,FAIL,PASS_2_VISUAL_DOM_PARITY_CONFIRMED
T39-PREVIEW-P25,T39,Finance,Statements,PREVIEW,P25,P1,About 18 words split into small metadata paragraphs,Details has 80–140 useful words,Add useful statement narrative,tables/T39/evidence/T39__finance-statements__PREVIEW__row-open__1440x900__sha-94264784f925.png,FAIL,PASS_2_VISUAL_DOM_PARITY_CONFIRMED
T39-PREVIEW-P29,T39,Finance,Statements,PREVIEW,P29,P1,Loose No relations text,Canonical Relations block,Use standard block,tables/T39/evidence/T39__finance-statements__PREVIEW__row-open__1440x900__sha-94264784f925.png,FAIL,PASS_2_VISUAL_DOM_PARITY_CONFIRMED
T40-KEBAB-K06,T40,Finance,Analysis,KEBAB,K06,P1,Eight actions overload the menu,Only necessary row actions,Keep primary contextual actions and move tools into detail,tables/T40/evidence/T40__finance-analysis__KEBAB__row-actions__1440x900__sha-94264784f925.png,FAIL,PASS_2_VISUAL_DOM_PARITY_CONFIRMED
T40-KEBAB-K18,T40,Finance,Analysis,KEBAB,K18,P1,Compact legacy menu,Canonical geometry,Use canonical geometry,tables/T40/evidence/T40__finance-analysis__KEBAB__row-actions__1440x900__sha-94264784f925.png,FAIL,PASS_2_VISUAL_DOM_PARITY_CONFIRMED
T40-MENU_1_2_3-M16,T40,Finance,Analysis,MENU_1_2_3,M16,P1,Clear is text-only,Clear includes X,Add X,tables/T40/evidence/T40__finance-analysis__MENU_1_2_3__bulk-1-selected__1440x900__sha-94264784f925.png,FAIL,PASS_2_VISUAL_DOM_PARITY_CONFIRMED
T40-PPM-C12,T40,Finance,Analysis,PPM,C12,P1,Compact overloaded menu,Canonical graphics,Fix shared component,tables/T40/evidence/T40__finance-analysis__PPM__row-context__1440x900__sha-94264784f925.png,FAIL,PASS_2_VISUAL_DOM_PARITY_CONFIRMED
T40-PREVIEW-P25,T40,Finance,Analysis,PREVIEW,P25,P1,About 7 words,Details has 80–140 useful words,Add useful analysis narrative,tables/T40/evidence/T40__finance-analysis__PREVIEW__row-open__1440x900__sha-94264784f925.png,FAIL,PASS_2_VISUAL_DOM_PARITY_CONFIRMED
T40-PREVIEW-P30,T40,Finance,Analysis,PREVIEW,P30,P0,Recompute and Create valuation are each duplicated and many secondary actions fill the footer,Actions are necessary and unique,Remove duplicates and apply canonical priority,tables/T40/evidence/T40__finance-analysis__PREVIEW__row-open__1440x900__sha-94264784f925.png,FAIL,PASS_2_VISUAL_DOM_PARITY_CONFIRMED
T40-TABLE-T13,T40,Finance,Analysis,TABLE,T13,P0,Large ratio calculator and benchmark form follow the table,Analysis registry contains table only,Move calculation tools to the opened analysis detail,tables/T40/evidence/T40__finance-analysis__TABLE__mixed-tool-table__1440x900__sha-94264784f925.png,FAIL,PASS_2_VISUAL_DOM_PARITY_CONFIRMED
T41-KEBAB-K18,T41,Finance,Models,KEBAB,K18,P1,Compact legacy geometry,Canonical menu geometry,Use shared canonical menu,tables/T41/evidence/T41__finance-models__KEBAB__row-actions__1440x900__sha-94264784f925.png,FAIL,PASS_2_VISUAL_DOM_PARITY_CONFIRMED
T41-MENU_1_2_3-M16,T41,Finance,Models,MENU_1_2_3,M16,P1,Clear is text-only,Clear includes X,Add X,tables/T41/evidence/T41__finance-models__MENU_1_2_3__bulk-1-selected__1440x900__sha-94264784f925.png,FAIL,PASS_2_VISUAL_DOM_PARITY_CONFIRMED
T41-PPM-C12,T41,Finance,Models,PPM,C12,P1,Legacy geometry,Canonical graphics,Fix shared component,tables/T41/evidence/T41__finance-models__PPM__row-context__1440x900__sha-94264784f925.png,FAIL,PASS_2_VISUAL_DOM_PARITY_CONFIRMED
T41-PREVIEW-P25,T41,Finance,Models,PREVIEW,P25,P1,About 21 words,Details has 80–140 useful words,Add useful model narrative,tables/T41/evidence/T41__finance-models__PREVIEW__row-open__1440x900__sha-94264784f925.png,FAIL,PASS_2_VISUAL_DOM_PARITY_CONFIRMED
T41-PREVIEW-P30,T41,Finance,Models,PREVIEW,P30,P1,Large scenario tabs and financial statement table dominate the preview,Fixed canonical preview blocks,Move model tables into full workspace,tables/T41/evidence/T41__finance-models__PREVIEW__row-open__1440x900__sha-94264784f925.png,FAIL,PASS_2_VISUAL_DOM_PARITY_CONFIRMED
T41-TABLE-T13,T41,Finance,Models,TABLE,T13,P0,"Value-office charts, decision portfolio and multiple forms follow the list",Models registry is table-only,Move tools into opened model workspace,tables/T41/evidence/T41__finance-models__TABLE__mixed-charts-table__1440x900__sha-94264784f925.png,FAIL,PASS_2_VISUAL_DOM_PARITY_CONFIRMED
T42-KEBAB-K18,T42,Finance,Prediction,KEBAB,K18,P1,Compact legacy geometry,Canonical menu geometry,Use canonical geometry,tables/T42/evidence/T42__finance-prediction__KEBAB__row-actions__1440x900__sha-94264784f925.png,FAIL,PASS_2_VISUAL_DOM_PARITY_CONFIRMED
T42-MENU_1_2_3-M16,T42,Finance,Prediction,MENU_1_2_3,M16,P1,Clear is text-only,Clear includes X,Add X,tables/T42/evidence/T42__finance-prediction__MENU_1_2_3__bulk-1-selected__1440x900__sha-94264784f925.png,FAIL,PASS_2_VISUAL_DOM_PARITY_CONFIRMED
T42-PPM-C12,T42,Finance,Prediction,PPM,C12,P1,Legacy geometry,Canonical graphics,Fix shared component,tables/T42/evidence/T42__finance-prediction__PPM__row-context__1440x900__sha-94264784f925.png,FAIL,PASS_2_VISUAL_DOM_PARITY_CONFIRMED
T42-PREVIEW-P25,T42,Finance,Prediction,PREVIEW,P25,P1,About 15 words,Details has 80–140 useful words,Add useful scenario narrative,tables/T42/evidence/T42__finance-prediction__PREVIEW__row-open__1440x900__sha-94264784f925.png,FAIL,PASS_2_VISUAL_DOM_PARITY_CONFIRMED
T42-PREVIEW-P30,T42,Finance,Prediction,PREVIEW,P30,P0,Generate projections is duplicated,Actions are unique and necessary,Deduplicate and prioritize actions,tables/T42/evidence/T42__finance-prediction__PREVIEW__row-open__1440x900__sha-94264784f925.png,FAIL,PASS_2_VISUAL_DOM_PARITY_CONFIRMED
T42-TABLE-T13,T42,Finance,Prediction,TABLE,T13,P0,Cash forecast and variance tools are embedded below the table,Prediction registry is table-only,Move prediction tools to opened scenario,tables/T42/evidence/T42__finance-prediction__TABLE__mixed-tool-table__1440x900__sha-94264784f925.png,FAIL,PASS_2_VISUAL_DOM_PARITY_CONFIRMED
T43-KEBAB-K18,T43,Finance,Enterprise valuation,KEBAB,K18,P1,Compact legacy menu,Canonical geometry,Use canonical geometry,tables/T43/evidence/T43__finance-enterprise-valuation__KEBAB__row-actions__1440x900__sha-94264784f925.png,FAIL,PASS_2_VISUAL_DOM_PARITY_CONFIRMED
T43-MENU_1_2_3-M16,T43,Finance,Enterprise valuation,MENU_1_2_3,M16,P1,Clear is text-only,Clear includes X,Add X,tables/T43/evidence/T43__finance-enterprise-valuation__MENU_1_2_3__bulk-1-selected__1440x900__sha-94264784f925.png,FAIL,PASS_2_VISUAL_DOM_PARITY_CONFIRMED
T43-PPM-C12,T43,Finance,Enterprise valuation,PPM,C12,P1,Legacy geometry,Canonical graphics,Fix shared component,tables/T43/evidence/T43__finance-enterprise-valuation__PPM__row-context__1440x900__sha-94264784f925.png,FAIL,PASS_2_VISUAL_DOM_PARITY_CONFIRMED
T43-PREVIEW-P25,T43,Finance,Enterprise valuation,PREVIEW,P25,P1,About 11 words,Details has 80–140 useful words,Add valuation narrative,tables/T43/evidence/T43__finance-enterprise-valuation__PREVIEW__row-open__1440x900__sha-94264784f925.png,FAIL,PASS_2_VISUAL_DOM_PARITY_CONFIRMED
T43-PREVIEW-P30,T43,Finance,Enterprise valuation,PREVIEW,P30,P0,"Compute DCF, Approve and Export PPTX are each duplicated",Actions unique and necessary,Remove duplicated action block,tables/T43/evidence/T43__finance-enterprise-valuation__PREVIEW__row-open__1440x900__sha-94264784f925.png,FAIL,PASS_2_VISUAL_DOM_PARITY_CONFIRMED
T43-TABLE-T13,T43,Finance,Enterprise valuation,TABLE,T13,P0,"Monte Carlo, real-options, sensitivity and frontier tools follow the table",Valuation registry is table-only,Move tools into opened valuation,tables/T43/evidence/T43__finance-enterprise-valuation__TABLE__mixed-tool-table__1440x900__sha-94264784f925.png,FAIL,PASS_2_VISUAL_DOM_PARITY_CONFIRMED
T44-KEBAB-K18,T44,Materials,All,KEBAB,K18,P1,Compact legacy menu,Canonical geometry,Use canonical geometry,tables/T44/evidence/T44__materials-all__KEBAB__row-actions__1440x900__sha-94264784f925.png,FAIL,PASS_2_VISUAL_DOM_PARITY_CONFIRMED
T44-MENU_1_2_3-M16,T44,Materials,All,MENU_1_2_3,M16,P1,Clear is text-only,Clear includes X,Add X,tables/T44/evidence/T44__materials-all__MENU_1_2_3__bulk-1-selected__1440x900__sha-94264784f925.png,FAIL,PASS_2_VISUAL_DOM_PARITY_CONFIRMED
T44-PPM-C12,T44,Materials,All,PPM,C12,P1,Legacy geometry,Canonical graphics,Fix shared component,tables/T44/evidence/T44__materials-all__PPM__row-context__1440x900__sha-94264784f925.png,FAIL,PASS_2_VISUAL_DOM_PARITY_CONFIRMED
T44-PREVIEW-P25,T44,Materials,All,PREVIEW,P25,P1,About 11 words,Details has 80–140 useful words,Add useful artifact description,tables/T44/evidence/T44__materials-all__PREVIEW__row-open__1440x900__sha-94264784f925.png,FAIL,PASS_2_VISUAL_DOM_PARITY_CONFIRMED
T44-PREVIEW-P29,T44,Materials,All,PREVIEW,P29,P1,Loose No relations text,Canonical Relations block,Render canonical relations block,tables/T44/evidence/T44__materials-all__PREVIEW__row-open__1440x900__sha-94264784f925.png,FAIL,PASS_2_VISUAL_DOM_PARITY_CONFIRMED
T44-TABLE-T12,T44,Materials,All,TABLE,T12,P0,Type is only Document/Presentation/Sheet; Exports is blank for documents,"Columns expose actual material format such as DOCX, PDF, XLSX or PPTX",Add a reliable File format column for every row,tables/T44/evidence/T44__materials-all__TABLE__default__1440x900__sha-94264784f925.png,FAIL,PASS_2_VISUAL_DOM_PARITY_CONFIRMED
T45-KEBAB-K18,T45,Materials,Documents,KEBAB,K18,P1,Compact legacy menu,Canonical geometry,Use canonical geometry,tables/T45/evidence/T45__materials-documents__KEBAB__row-actions__1440x900__sha-94264784f925.png,FAIL,PASS_2_VISUAL_DOM_PARITY_CONFIRMED
T45-MENU_1_2_3-M16,T45,Materials,Documents,MENU_1_2_3,M16,P1,Clear is text-only,Clear includes X,Add X,tables/T45/evidence/T45__materials-documents__MENU_1_2_3__bulk-1-selected__1440x900__sha-94264784f925.png,FAIL,PASS_2_VISUAL_DOM_PARITY_CONFIRMED
T45-PPM-C12,T45,Materials,Documents,PPM,C12,P1,Legacy geometry,Canonical graphics,Fix shared component,tables/T45/evidence/T45__materials-documents__PPM__row-context__1440x900__sha-94264784f925.png,FAIL,PASS_2_VISUAL_DOM_PARITY_CONFIRMED
T45-PREVIEW-P25,T45,Materials,Documents,PREVIEW,P25,P1,Only Owner and Exports metadata are present,Details has 80–140 useful words,Add document description,tables/T45/evidence/T45__materials-documents__PREVIEW__row-open__1440x900__sha-94264784f925.png,FAIL,PASS_2_VISUAL_DOM_PARITY_CONFIRMED
T45-PREVIEW-P29,T45,Materials,Documents,PREVIEW,P29,P1,Loose No relations text,Canonical Relations block,Render canonical relations block,tables/T45/evidence/T45__materials-documents__PREVIEW__row-open__1440x900__sha-94264784f925.png,FAIL,PASS_2_VISUAL_DOM_PARITY_CONFIRMED
T45-TABLE-T12,T45,Materials,Documents,TABLE,T12,P0,Type is generic Custom and Exports is usually blank,Document rows identify actual Word/PDF format,Add concrete File format column and populate it,tables/T45/evidence/T45__materials-documents__TABLE__default__1440x900__sha-94264784f925.png,FAIL,PASS_2_VISUAL_DOM_PARITY_CONFIRMED
