path	class	status	lines_added
dev-render/main.tsx	TEST	ADDED	15
dev-render/screens/audyty-piec-powierzchni.tsx	TEST	ADDED	682
dev-render/screens/audyty-warsztat-kryterium.tsx	TEST	ADDED	943
dev-render/screens/tools-sesja-wyjscie.tsx	TEST	ADDED	46
docs/functional/11_audits/AUDITS_CANDIDATE_2026-08-13.md	MODULE_OWNED	ADDED	309
docs/functional/11_audits/AUDITS_CURRENT_STATE_AND_SOURCE_REGISTER.md	MODULE_OWNED	ADDED	273
docs/functional/11_audits/TRIADA_CHECKLIST_2026-08-13.md	MODULE_OWNED	ADDED	216
docs/program/METHOD_ASSESSMENT_CORE_2026-08-13/COORDINATION.md	EVIDENCE	ADDED	182
docs/program/METHOD_ASSESSMENT_CORE_2026-08-13/EVIDENCE_LEDGER.md	EVIDENCE	ADDED	130
docs/program/METHOD_ASSESSMENT_CORE_2026-08-13/SHARED_CONTRACT_MANIFEST.md	EVIDENCE	ADDED	230
server/migrations/20260813_audits_method_core.sql	MIGRATION	ADDED	721
server/migrations/20260813b_audits_source_classification_split.sql	MIGRATION	ADDED	175
server/scripts/cleanup-audit-test-data.ts	FOREIGN_OR_SUSPECT	ADDED	121
server/src/Gateway.ts	FOREIGN_OR_SUSPECT	ADDED	6
server/src/routes/audits/__tests__/mounting.integration.test.ts	TEST	ADDED	73
server/src/routes/audits/__tests__/verticalSlice.http.test.ts	TEST	ADDED	469
server/src/routes/audits/actions.routes.ts	MODULE_OWNED	ADDED	203
server/src/routes/audits/ai.routes.ts	MODULE_OWNED	ADDED	132
server/src/routes/audits/context.ts	MODULE_OWNED	ADDED	81
server/src/routes/audits/criteria.routes.ts	MODULE_OWNED	ADDED	139
server/src/routes/audits/evidence.routes.ts	MODULE_OWNED	ADDED	161
server/src/routes/audits/findings.routes.ts	MODULE_OWNED	ADDED	161
server/src/routes/audits/index.ts	MODULE_OWNED	ADDED	63
server/src/routes/audits/outputs.routes.ts	MODULE_OWNED	ADDED	96
server/src/routes/audits/packs.routes.ts	MODULE_OWNED	ADDED	200
server/src/routes/audits/programs.routes.ts	MODULE_OWNED	ADDED	211
server/src/routes/audits/proposals.routes.ts	MODULE_OWNED	ADDED	139
server/src/routes/audits/reports.routes.ts	MODULE_OWNED	ADDED	118
server/src/routes/audits/sources.routes.ts	MODULE_OWNED	ADDED	110
server/src/routes/audits/trail.routes.ts	MODULE_OWNED	ADDED	107
server/src/services/audits/__tests__/aiBoundaries.test.ts	TEST	ADDED	322
server/src/services/audits/__tests__/aiProposalService.test.ts	TEST	ADDED	458
server/src/services/audits/__tests__/auditTrailService.test.ts	TEST	ADDED	334
server/src/services/audits/__tests__/correctiveActionService.test.ts	TEST	ADDED	242
server/src/services/audits/__tests__/criterionService.test.ts	TEST	ADDED	286
server/src/services/audits/__tests__/evidenceService.test.ts	TEST	ADDED	193
server/src/services/audits/__tests__/findingService.test.ts	TEST	ADDED	409
server/src/services/audits/__tests__/goldenFlow.e2e.test.ts	TEST	ADDED	418
server/src/services/audits/__tests__/lifecycleGates.test.ts	TEST	ADDED	151
server/src/services/audits/__tests__/normSourceService.test.ts	TEST	ADDED	148
server/src/services/audits/__tests__/outputService.test.ts	TEST	ADDED	256
server/src/services/audits/__tests__/packService.test.ts	TEST	ADDED	293
server/src/services/audits/__tests__/packValidator.test.ts	TEST	ADDED	264
server/src/services/audits/__tests__/programService.test.ts	TEST	ADDED	194
server/src/services/audits/__tests__/proposalService.test.ts	TEST	ADDED	258
server/src/services/audits/__tests__/reportRenderer.test.ts	TEST	ADDED	336
server/src/services/audits/__tests__/segregationOfDuties.test.ts	TEST	ADDED	325
server/src/services/audits/__tests__/sourceClassificationAxes.test.ts	TEST	ADDED	242
server/src/services/audits/__tests__/testHelpers.ts	TEST	ADDED	149
server/src/services/audits/__tests__/verificationService.test.ts	TEST	ADDED	220
server/src/services/audits/aiProposalService.ts	MODULE_OWNED	ADDED	1390
server/src/services/audits/auditTrailService.ts	MODULE_OWNED	ADDED	338
server/src/services/audits/auditsDb.ts	MODULE_OWNED	ADDED	203
server/src/services/audits/correctiveActionService.ts	MODULE_OWNED	ADDED	559
server/src/services/audits/criterionService.ts	MODULE_OWNED	ADDED	606
server/src/services/audits/evidenceService.ts	MODULE_OWNED	ADDED	593
server/src/services/audits/findingService.ts	MODULE_OWNED	ADDED	1077
server/src/services/audits/kernelEventMap.ts	MODULE_OWNED	ADDED	102
server/src/services/audits/lifecycle.ts	MODULE_OWNED	ADDED	205
server/src/services/audits/normSourceService.ts	MODULE_OWNED	ADDED	482
server/src/services/audits/outputService.ts	MODULE_OWNED	ADDED	613
server/src/services/audits/packSeed.ts	MODULE_OWNED	ADDED	358
server/src/services/audits/packService.ts	MODULE_OWNED	ADDED	1006
server/src/services/audits/packValidator.ts	MODULE_OWNED	ADDED	505
server/src/services/audits/permissions.ts	MODULE_OWNED	ADDED	463
server/src/services/audits/programService.ts	MODULE_OWNED	ADDED	1088
server/src/services/audits/proposalService.ts	MODULE_OWNED	ADDED	575
server/src/services/audits/reportRenderer.ts	MODULE_OWNED	ADDED	707
server/src/services/audits/reportService.ts	MODULE_OWNED	ADDED	404
server/src/services/audits/types.ts	MODULE_OWNED	ADDED	838
server/src/services/audits/verificationService.ts	MODULE_OWNED	ADDED	339
src/components/Audit/method/AuditsMethodHub.tsx	MODULE_OWNED	ADDED	404
src/components/Audit/method/__tests__/AuditLibraryTab.test.tsx	TEST	ADDED	281
src/components/Audit/method/__tests__/AuditOutputsTab.test.tsx	TEST	ADDED	49
src/components/Audit/method/__tests__/AuditsMethodHub.processesLabel.test.tsx	TEST	ADDED	66
src/components/Audit/method/__tests__/AuditsMethodHub.test.tsx	TEST	ADDED	300
src/components/Audit/method/__tests__/auditStatusTones.test.ts	TEST	ADDED	189
src/components/Audit/method/auditRoleLabels.ts	MODULE_OWNED	ADDED	43
src/components/Audit/method/auditStatusTones.ts	MODULE_OWNED	ADDED	233
src/components/Audit/method/auditsMethodApi.ts	MODULE_OWNED	ADDED	484
src/components/Audit/method/tabs/AuditInitiativesTab.tsx	MODULE_OWNED	ADDED	147
src/components/Audit/method/tabs/AuditLibraryTab.tsx	MODULE_OWNED	ADDED	393
src/components/Audit/method/tabs/AuditOutputsTab.tsx	MODULE_OWNED	ADDED	178
src/components/Audit/method/tabs/AuditProcessesTab.tsx	MODULE_OWNED	ADDED	348
src/components/Audit/method/tabs/AuditReportsTab.tsx	MODULE_OWNED	ADDED	127
src/components/Audit/method/workspace/CriterionChain.tsx	MODULE_OWNED	ADDED	76
src/components/Audit/method/workspace/CriterionWorkspace.tsx	MODULE_OWNED	ADDED	616
src/components/Audit/method/workspace/EvidencePanel.tsx	MODULE_OWNED	ADDED	290
src/components/Audit/method/workspace/FindingPanel.tsx	MODULE_OWNED	ADDED	470
src/components/Audit/method/workspace/RemediationPanel.tsx	MODULE_OWNED	ADDED	329
src/components/Audit/method/workspace/TeresaProposalCard.tsx	MODULE_OWNED	ADDED	340
src/components/Audit/method/workspace/__tests__/CriterionWorkspace.test.tsx	TEST	ADDED	256
src/components/Audit/method/workspace/__tests__/EvidencePanel.test.tsx	TEST	ADDED	128
src/components/Audit/method/workspace/__tests__/FindingPanel.test.tsx	TEST	ADDED	139
src/components/Audit/method/workspace/__tests__/RemediationPanel.test.tsx	TEST	ADDED	155
src/components/Audit/method/workspace/__tests__/TeresaProposalCard.test.tsx	TEST	ADDED	138
src/components/Audit/method/workspace/workspaceApi.ts	MODULE_OWNED	ADDED	797
src/hooks/useFeatureFlags.tsx	FOREIGN_OR_SUSPECT	ADDED	24
src/method-core-adapters/audits/__tests__/auditsKernelAdapter.test.ts	TEST	ADDED	242
src/method-core-adapters/audits/auditsKernelAdapter.ts	MODULE_OWNED	ADDED	426
src/method-core/contracts/events.ts	SHARED_CONTRACT	ADDED	180
src/method-core/contracts/index.ts	SHARED_CONTRACT	ADDED	83
src/method-core/contracts/methodPack.ts	SHARED_CONTRACT	ADDED	262
src/method-core/contracts/session.ts	SHARED_CONTRACT	ADDED	189
src/method-core/contracts/teresa.ts	SHARED_CONTRACT	ADDED	186
src/routes/AppRoutes.tsx	FOREIGN_OR_SUSPECT	ADDED	88
