1	0	server/src/routes/__tests__/cross-org-idor.test.ts	114	114	0	0	0	true
2	0	tests/integration/routes/integracja.p01.test.ts	71	71	0	0	0	true
3	0	server/src/routes/__tests__/document-studio-cross-org-idor.test.ts	38	38	0	0	0	true
4	0	server/src/routes/resultsVnext/__tests__/okrReview.routes.test.ts	27	27	0	0	0	true
5	0	server/src/routes/resultsVnext/__tests__/kpiDeviation.routes.test.ts	21	21	0	0	0	true
6	0	server/src/routes/v8/__tests__/sync.routes.test.ts	39	39	0	0	0	true
7	0	server/src/routes/v8/__tests__/results.routes.test.ts	63	63	0	0	0	true
8	0	tests/integration/services/artifactRegistryService.sqlite.integration.test.ts	19	19	0	0	0	true
9	0	tests/integration/routes/artifact-runs.routes.sqlite.integration.test.ts	8	8	0	0	0	true
10	0	server/src/routes/v8/__tests__/execution-control.routes.test.ts	29	29	0	0	0	true
11	0	server/src/routes/v8/__tests__/p05-finance-lane.test.ts	32	32	0	0	0	true
12	0	server/src/routes/__tests__/workbook-commands.routes.test.ts	32	32	0	0	0	true
13	0	server/src/routes/resultsVnext/__tests__/roiCaseApproval.routes.test.ts	22	22	0	0	0	true
14	0	tests/integration/routes/billing.routes.full.l3.test.ts	19	19	0	0	0	true
15	0	server/src/routes/v8/__tests__/financeValueRoutes.demoGuard.test.ts	22	22	0	0	0	true
16	0	src/components/Finance/Prediction/__tests__/PredictionWorkspace.test.tsx	11	11	0	0	0	true
17	0	server/src/routes/__tests__/finance-statements.routes.f5wiring.test.ts	21	21	0	0	0	true
18	0	server/src/routes/__tests__/initiatives-crud.test.ts	12	12	0	0	0	true
19	0	server/src/routes/resultsVnext/__tests__/okr.routes.test.ts	118	118	0	0	0	true
20	0	tests/integration/routes/work-canvas.routes.test.ts	40	40	0	0	0	true
21	0	tests/integration/tools/tool-session-roundtrip.contract.test.ts	11	11	0	0	0	true
22	0	server/src/routes/__tests__/document-studio-share-links.routes.test.ts	25	25	0	0	0	true
23	0	tests/integration/routes/v8.finance-valuation.test.ts	25	25	0	0	0	true
24	0	tests/integration/routes/v8.finance-value.test.ts	25	25	0	0	0	true
25	0	server/src/routes/v8/__tests__/finance.routes.test.ts	49	49	0	0	0	true
26	0	server/src/routes/resultsVnext/__tests__/roiEconomicModel.routes.test.ts	14	14	0	0	0	true
27	0	tests/integration/presentations/deck-version-roundtrip.contract.test.ts	8	8	0	0	0	true
28	0	tests/unit/backend/routes/h64-failsoft-batch6.test.ts	18	18	0	0	0	true
29	0	tests/unit/backend/routes/h64-failsoft-batch5.test.ts	17	17	0	0	0	true
30	0	server/src/routes/v8/__tests__/assessment.routes.test.ts	47	47	0	0	0	true
31	0	tests/integration/routes/wordy-p22.pipeline.test.ts	5	5	0	0	0	true
32	0	server/src/routes/__tests__/cross-org-idor-m17.test.ts	8	8	0	0	0	true
33	0	server/src/routes/v8/__tests__/res10-ownership-separation.routes.test.ts	5	5	0	0	0	true
34	0	tests/unit/backend/routes/h64-failsoft-batch2.test.ts	11	11	0	0	0	true
35	0	server/src/routes/__tests__/m11-tools-cross-org-idor.test.ts	7	7	0	0	0	true
36	0	tests/integration/routes/raidGovernance.routes.test.ts	16	16	0	0	0	true
37	0	tests/integration/routes/v8.finance-planning.test.ts	24	24	0	0	0	true
38	0	tests/integration/admin/adminP32-cross-org-idor.test.ts	20	20	0	0	0	true
39	0	tests/integration/routes/auditLog.organizationContext.test.ts	11	11	0	0	0	true
40	0	server/src/routes/v8/__tests__/public-anna.routes.test.ts	24	24	0	0	0	true
41	0	tests/unit/backend/routes/workbook.routes.templates-c3.test.ts	6	6	0	0	0	true
42	0	tests/unit/backend/controllers/authController.test.js	19	19	0	0	0	true
43	0	server/src/routes/__tests__/m13-cross-org-idor.test.ts	18	18	0	0	0	true
44	0	server/src/routes/__tests__/rollout.routes.test.ts	15	15	0	0	0	true
45	0	tests/integration/mywork/my-work.map-shared-write.contract.test.ts	10	10	0	0	0	true
46	0	tests/integration/mywork/my-work.shared-map-routes.contract.test.ts	11	11	0	0	0	true
47	0	tests/integration/routes/executionAnalytics.routes.test.ts	14	14	0	0	0	true
48	0	tests/integration/admin/admin-cross-org-idor.test.ts	15	15	0	0	0	true
49	0	tests/integration/results/resultsExtended.routes.test.ts	37	37	0	0	0	true
50	0	tests/integration/routes/v8.finance-intelligence.test.ts	19	19	0	0	0	true
51	0	server/src/routes/__tests__/adminP32.routes.test.ts	15	15	0	0	0	true
52	0	tests/unit/backend/routes/h64-failsoft.test.ts	10	10	0	0	0	true
53	0	server/src/routes/__tests__/financial-modeling.routes.validation.test.ts	15	15	0	0	0	true
54	0	tests/unit/backend/routes/h64-failsoft-batch4.test.ts	14	14	0	0	0	true
55	0	tests/integration/routes/rolloutExtensions.routes.test.ts	17	17	0	0	0	true
56	0	tests/unit/backend/agentPlan.routes.test.ts	37	37	0	0	0	true
57	0	server/src/services/v8/__tests__/v8-smoke-offline-validation.test.ts	27	27	0	0	0	true
58	0	server/src/services/v8/__tests__/v8-smoke-suite.test.ts	42	42	0	0	0	true
59	0	tests/integration/routes/presentations.share-revoke-and-rate-limit.route.test.ts	5	5	0	0	0	true
60	0	tests/integration/organization/competency-auth.test.ts	11	11	0	0	0	true
61	0	server/src/services/v8/__tests__/v8-operator-monitoring.test.ts	10	10	0	0	0	true
62	0	tests/integration/routes/artifact-runs.approve-vs-review-boundary.sqlite.integration.test.ts	5	5	0	0	0	true
63	0	tests/integration/system/health.noChildProcess.contract.test.ts	8	8	0	0	0	true
64	0	server/src/routes/resultsVnext/__tests__/roiPir.routes.test.ts	26	26	0	0	0	true
65	0	tests/integration/assessment/drd-assessment-roundtrip.contract.test.ts	6	6	0	0	0	true
66	0	tests/integration/admin/adminBackup.no-demo.test.ts	3	3	0	0	0	true
67	0	server/src/routes/v8/__tests__/multiplayer.routes.test.ts	8	8	0	0	0	true
68	0	tests/resultsVnext/okr/okrRbacGuard.test.ts	11	11	0	0	0	true
69	0	server/src/routes/__tests__/workbook-org-context.routes.test.ts	6	6	0	0	0	true
70	0	tests/integration/ai/pinned-insights.routes.test.ts	5	5	0	0	0	true
71	0	tests/integration/admin/adminSsoSelf.routes.test.ts	12	12	0	0	0	true
72	0	tests/integration/document-studio/export-qa-gate.routes.test.ts	5	5	0	0	0	true
